Date,Open,High,Low,Close,Adj Close,Volume
2012-11-30,40.990002,41.34,40.849998,41.080002,35.98098,20066600
2012-12-03,41.27,41.369999,40.75,40.810001,35.744499,18955500
2012-12-04,40.779999,40.919998,40.200001,40.57,35.534283,24031100
2012-12-05,40.689999,41.490002,40.5,41.200001,36.086086,25515600
2012-12-06,41.25,41.549999,41.110001,41.470001,36.322571,20541700
2012-12-07,41.84,42.57,41.73,42.560001,37.277275,34552900
2012-12-10,42.540001,42.669998,42.009998,42.310001,37.058308,22394500
2012-12-11,42.599998,43.09,42.419998,42.639999,37.34734,21955000
2012-12-12,43,43.380001,42.700001,42.77,37.461216,23110600
2012-12-13,42.650002,42.919998,42.5,42.779999,37.469963,18457000
2012-12-14,42.77,43.110001,42.709999,42.810001,37.49625,16208600
2012-12-17,43,43.509998,42.810001,43.48,38.08308,23879800
2012-12-18,43.830002,43.939999,43.310001,43.869999,38.424675,33858600
2012-12-19,43.990002,44.389999,43.419998,43.529999,38.126877,34348500
2012-12-20,43.689999,44.540001,43.41,44.529999,39.002747,25014900
2012-12-21,43.82,44.200001,43.34,44,38.53854,38973500
2012-12-24,43.720001,44.02,43.709999,43.919998,38.468468,8621200
2012-12-26,43.950001,44.18,43.720001,43.959999,38.503506,11498900
2012-12-27,43.959999,44.02,42.900002,43.630001,38.214462,19567000
2012-12-28,43.099998,43.689999,43.09,43.240002,37.872875,15401200
2012-12-31,43.099998,44,43.049999,43.970001,38.512264,24209600
2013-01-02,44.98,45,44.220001,44.66,39.385334,31413000
2013-01-03,44.740002,44.75,44.200001,44.57,39.305958,24227700
2013-01-04,44.450001,45.43,44.439999,45.360001,40.002663,24487700
2013-01-07,45.09,45.490002,45.02,45.41,40.046749,24456900
2013-01-08,45.400002,45.5,44.959999,45.5,40.126125,19624200
2013-01-09,45.560001,46.200001,45.139999,45.470001,40.099667,25920600
2013-01-10,45.889999,46.16,45.529999,46.150002,40.699352,23413600
2013-01-11,45.970001,46.150002,45.470001,46.139999,40.690533,19723900
2013-01-14,45.889999,46.18,45.48,45.880001,40.461243,19079500
2013-01-15,45.490002,46.470001,45.349998,46.349998,40.875725,29898000
2013-01-16,45.91,46.830002,45.57,46.82,41.29023,43453600
2013-01-17,46.400002,46.869999,46.290001,46.439999,40.955105,41086800
2013-01-18,46.380001,46.599998,46.18,46.459999,40.972752,28679100
2013-01-22,46.25,46.549999,46.130001,46.540001,41.043289,24257300
2013-01-23,46.23,46.439999,45.919998,46.23,40.769897,19105100
2013-01-24,46.240002,46.799999,46.080002,46.369999,40.893372,20008200
2013-01-25,46.740002,47.16,46.610001,47.16,41.590069,26009100
2013-01-28,46.84,47,46.48,46.639999,41.131481,19706800
2013-01-29,46.279999,47.16,46.25,47.119999,41.554787,19907400
2013-01-30,47.040001,47.349998,46.959999,47.130001,41.56361,18631300
2013-01-31,47.009998,47.220001,46.880001,47.049999,41.493057,19536000
2013-02-01,47.400002,48,47.209999,47.849998,42.19857,24520000
2013-02-04,47.540001,47.810001,47.380001,47.68,42.048645,20822600
2013-02-05,47.939999,48.799999,47.93,48.790001,43.027554,28067500
2013-02-06,48.419998,48.830002,48.32,48.610001,42.868816,28282600
2013-02-07,48.650002,48.75,47.900002,48.23,42.533695,21429600
2013-02-08,48.330002,48.689999,48.259998,48.630001,42.886452,15218300
2013-02-11,48.509998,48.900002,48.380001,48.66,42.912907,13935900
2013-02-12,48.799999,49.310001,48.599998,49.139999,43.33622,16388000
2013-02-13,49.349998,49.450001,48.5,48.68,42.930546,21635600
2013-02-14,48.400002,49.290001,48.369999,49.220001,43.406773,18017800
2013-02-15,49.349998,49.459999,48.57,48.880001,43.106915,20016200
2013-02-19,49.119999,49.68,49.119999,49.450001,43.609596,20445900
2013-02-20,49.349998,49.540001,48.360001,48.610001,42.868816,24786700
2013-02-21,48.41,48.450001,47.830002,48.25,42.551331,24437700
2013-02-22,48.630001,48.91,48.41,48.91,43.133373,23584100
2013-02-25,49.099998,49.200001,47.650002,47.700001,42.066296,32775500
2013-02-26,48.220001,48.259998,46.849998,47.599998,41.978104,39401400
2013-02-27,47.849998,49.400002,47.759998,49.279999,43.459675,31921200
2013-02-28,49.16,49.549999,48.75,48.919998,43.1422,24711500
2013-03-01,48.599998,49.419998,48.369999,48.91,43.133373,25923400
2013-03-04,48.73,49.139999,48.330002,49.099998,43.300938,17695200
2013-03-05,49.490002,50.110001,49.310001,49.490002,43.644878,25561100
2013-03-06,49.880001,50.189999,49.619999,50.029999,44.121094,19607900
2013-03-07,50.049999,50.860001,50.009998,50.630001,44.650234,24245400
2013-03-08,50.59,50.849998,49.610001,50.200001,44.271027,32711900
2013-03-11,50.23,50.77,49.91,50.48,44.517956,19473000
2013-03-12,50.349998,50.669998,50.049999,50.279999,44.341568,18003400
2013-03-13,50.290001,50.43,50.110001,50.16,44.235752,16680200
2013-03-14,50.25,51,50.189999,51,44.976543,26378700
2013-03-15,49.970001,50.290001,49.150002,50.02,44.112274,60880800
2013-03-18,49.189999,49.66,48.950001,49.509998,43.662514,28011400
2013-03-19,49.650002,49.990002,48.68,49.200001,43.389122,24411500
2013-03-20,49.57,49.639999,49.040001,49.119999,43.318573,19385300
2013-03-21,48.790001,49.23,48.349998,48.349998,42.639515,23535900
2013-03-22,48.630001,49,48.34,48.779999,43.018734,22791500
2013-03-25,49.040001,49.32,48.16,48.52,42.789452,23581400
2013-03-26,48.740002,48.970001,48.32,48.639999,42.895271,16417500
2013-03-27,48.200001,48.310001,47.560001,47.77,42.128021,26530100
2013-03-28,47.84,47.93,47.279999,47.459999,41.854633,27506700
2013-04-01,47.549999,47.990002,47.490002,47.830002,42.180943,17442200
2013-04-02,48.009998,48.380001,47.880001,48.279999,42.577785,17273700
2013-04-03,48.029999,48.07,46.529999,46.849998,41.575016,33467400
2013-04-04,46.959999,47.540001,46.900002,47.490002,42.14296,21514000
2013-04-05,46.790001,48.040001,46.75,47.91,42.515671,22961500
2013-04-08,47.880001,48.59,47.59,48.580002,43.110229,18672300
2013-04-09,48.740002,48.959999,48.459999,48.68,43.198971,20066700
2013-04-10,48.939999,49.560001,48.880001,49.25,43.704788,20388900
2013-04-11,49.209999,49.599998,48.830002,49.310001,43.758034,22584700
2013-04-12,48.900002,49.580002,48.450001,49.009998,43.491814,37805900
2013-04-15,48.389999,49.34,47.900002,47.93,42.533424,31527300
2013-04-16,48.43,48.52,47.59,48.490002,43.030365,23865500
2013-04-17,48.110001,48.18,46.380001,46.790001,41.52177,43466300
2013-04-18,46.799999,47.330002,46.049999,46.639999,41.388664,26106800
2013-04-19,47.150002,47.360001,46.700001,47.23,41.912224,19746100
2013-04-22,47.400002,47.490002,46.869999,47.349998,42.018723,15230100
2013-04-23,47.68,48.240002,47.389999,48.169998,42.746395,20568500
2013-04-24,48.32,48.919998,48.16,48.720001,43.234463,16459300
2013-04-25,49.02,49.630001,48.889999,49,43.482941,19058800
2013-04-26,48.860001,49.09,48.610001,48.880001,43.376457,13929000
2013-04-29,49.080002,49.099998,48.650002,48.919998,43.411945,13496300
2013-04-30,48.959999,49.25,48.720001,49.009998,43.491814,13802600
2013-05-01,48.759998,48.91,47.849998,48.009998,42.604412,17686400
2013-05-02,48.25,48.25,47.709999,48.080002,42.666523,15529300
2013-05-03,48.630001,48.700001,46.98,47.57,42.213943,43257900
2013-05-06,47.709999,48.389999,47.57,48.18,42.755268,20829500
2013-05-07,48.57,49.389999,48.259998,49.139999,43.607174,24291600
2013-05-08,49.220001,49.990002,49.110001,49.759998,44.157372,23559300
2013-05-09,49.700001,49.810001,48.919998,49.040001,43.51844,18103100
2013-05-10,49.049999,49.23,48.639999,48.959999,43.447445,16199600
2013-05-13,48.84,49.700001,48.610001,49.669998,44.077496,23979500
2013-05-14,49.77,50.419998,49.66,50.23,44.574451,24188400
2013-05-15,50.200001,51.43,50.150002,51.09,45.337616,27467000
2013-05-16,50.869999,51.66,50.84,50.970001,45.231129,21389500
2013-05-17,51.259998,52.330002,51.25,52.299999,46.411377,26080300
2013-05-20,52.279999,52.630001,51.91,52.290001,46.402504,22020000
2013-05-21,52.529999,53.669998,52.450001,53.02,47.05032,37112600
2013-05-22,53.43,54.959999,53.290001,53.630001,47.591637,46968300
2013-05-23,52.82,53.790001,52.66,53.349998,47.343159,25294200
2013-05-24,52.900002,53.66,52.720001,53.66,47.618252,18342300
2013-05-28,54.560001,54.650002,54.029999,54.599998,48.452423,27162300
2013-05-29,54.09,54.959999,53.91,54.669998,48.514534,20482600
2013-05-30,54.599998,55.900002,54.529999,55.619999,49.357578,24890800
2013-05-31,55.709999,55.830002,54.59,54.59,48.443539,24990100
2013-06-03,54.599998,54.860001,53.040001,54.490002,48.354805,28279600
2013-06-04,54.540001,55.389999,53.869999,54.040001,47.955471,22022600
2013-06-05,53.779999,54.27,52.700001,53.029999,47.059193,24326000
2013-06-06,52.84,53.52,52.27,53.5,47.476273,23940900
2013-06-07,53.77,54.48,53.41,54.27,48.159569,21691000
2013-06-10,54.639999,54.84,54.02,54.360001,48.239445,16007000
2013-06-11,53.459999,54.049999,53.110001,53.490002,47.467407,17600800
2013-06-12,53.900002,54.099998,52.970001,53.18,47.192303,18479100
2013-06-13,53,54.240002,52.970001,54.169998,48.070831,17090200
2013-06-14,54.040001,54.130001,52.91,53.130001,47.147926,17185300
2013-06-17,53.700001,54.259998,53.540001,53.849998,47.786858,16856600
2013-06-18,54.029999,54.27,53.720001,54.110001,48.01759,13259100
2013-06-19,53.990002,54.509998,53.52,53.549999,47.520645,20840000
2013-06-20,53.080002,53.18,52.27,52.48,46.571114,31857100
2013-06-21,52.959999,52.98,51.689999,51.959999,46.109661,44412200
2013-06-24,50.880001,51.450001,50.110001,50.919998,45.186764,30736500
2013-06-25,51.509998,52.560001,51.509998,52.080002,46.21616,20951400
2013-06-26,52.650002,52.799999,51.880001,52.5,46.58886,19332000
2013-06-27,53.029999,53.490002,52.880001,53.150002,47.165684,17093600
2013-06-28,53.119999,53.130001,52.580002,52.790001,46.846218,18256000
2013-07-01,53.220001,53.630001,52.43,52.490002,46.579987,23511100
2013-07-02,52.57,53.529999,52.119999,52.799999,47.19677,23935300
2013-07-03,52.310001,52.810001,52.209999,52.77,47.169945,10442300
2013-07-05,53.360001,54,53.110001,53.990002,48.260494,17070200
2013-07-08,54.540001,54.91,54.049999,54.700001,48.89513,21786900
2013-07-09,55.07,55.169998,54.189999,54.889999,49.064972,20508700
2013-07-10,54.77,55.150002,54.439999,54.830002,49.011341,16915000
2013-07-11,55.84,55.869999,54.549999,55.139999,49.288441,21322600
2013-07-12,55.509998,55.849998,54.75,54.970001,49.136482,32569200
2013-07-15,55.490002,55.5,54.599998,54.889999,49.064972,28292000
2013-07-16,54.900002,55.41,54.779999,55.009998,49.172241,19222700
2013-07-17,55.049999,55.580002,54.84,55.27,49.404652,19166600
2013-07-18,55.509998,56.529999,55.490002,56.369999,50.387917,24563100
2013-07-19,56.509998,56.560001,55.91,56.16,50.200191,17762600
2013-07-22,56.169998,56.669998,55.950001,56.560001,50.557751,15999700
2013-07-23,56.720001,56.889999,56.470001,56.669998,50.656082,10577100
2013-07-24,56.919998,56.93,56.380001,56.630001,50.620323,16665000
2013-07-25,56.450001,56.5,55.889999,56.5,50.50412,13870200
2013-07-26,56.060001,56.220001,55.599998,56.049999,50.101864,16762300
2013-07-29,55.98,56,55.380001,55.689999,49.780071,10049100
2013-07-30,55.869999,55.990002,55.080002,55.330002,49.458282,14207400
2013-07-31,55.580002,56.27,55.509998,55.73,49.815823,19404900
2013-08-01,56.360001,56.779999,56.200001,56.540001,50.539879,15979400
2013-08-02,56.27,56.52,56.009998,56.490002,50.495182,11007300
2013-08-05,56.330002,56.580002,56.009998,56.099998,50.146557,9370200
2013-08-06,55.990002,56.099998,55.310001,55.490002,49.601299,10588600
2013-08-07,55.060001,55.470001,54.779999,55.299999,49.431458,12828400
2013-08-08,55.419998,55.73,54.130001,54.830002,49.011341,18587100
2013-08-09,54.689999,55.150002,54.330002,54.52,48.734234,12652500
2013-08-12,54.040001,54.32,53.68,54.09,48.349869,15133000
2013-08-13,54.220001,54.700001,53.599998,54.290001,48.528641,15078100
2013-08-14,54.330002,54.849998,54,54.150002,48.4035,15785800
2013-08-15,53.52,53.68,52.889999,53.290001,47.634769,16933200
2013-08-16,53.07,53.779999,53.07,53.290001,47.634769,17139000
2013-08-19,52.889999,52.950001,51.799999,51.830002,46.3297,22793300
2013-08-20,51.779999,52.360001,50.66,52.119999,46.588928,18701500
2013-08-21,51.919998,52.220001,51.279999,51.630001,46.150925,17136200
2013-08-22,52,52.66,51.93,52.209999,46.669373,14658500
2013-08-23,52.27,52.419998,51.900002,52.32,46.767704,11126800
2013-08-26,52.16,52.540001,51.790001,51.799999,46.302895,16548400
2013-08-27,51.02,51.549999,50.549999,50.599998,45.230236,23596800
2013-08-28,50.330002,51.049999,50.130001,50.580002,45.21236,18748100
2013-08-29,50.59,51.18,50.450001,50.700001,45.319626,13576000
2013-08-30,50.82,50.830002,50.290001,50.529999,45.16766,15863100
2013-09-03,51.25,51.720001,50.830002,51.130001,45.703999,15277200
2013-09-04,51.16,52.099998,50.93,51.869999,46.365456,19923800
2013-09-05,52.029999,52.52,51.91,52.110001,46.579987,13913200
2013-09-06,52.41,52.709999,51.279999,52.560001,46.982239,22339900
2013-09-09,52.779999,53.189999,52.52,52.860001,47.250397,19936400
2013-09-10,53.830002,53.93,53.299999,53.669998,47.974442,20233200
2013-09-11,53.369999,53.759998,53.060001,53.259998,47.607956,16028600
2013-09-12,53.43,53.709999,52.080002,52.240002,46.696198,21976700
2013-09-13,52.290001,52.799999,52.23,52.59,47.009052,11942900
2013-09-16,53.450001,53.490002,52.98,53.139999,47.50069,17055300
2013-09-17,53.189999,53.32,52.880001,53.09,47.45599,13207000
2013-09-18,52.689999,53.869999,52.560001,53.41,47.742043,20844500
2013-09-19,53.630001,53.75,52.529999,52.75,47.152073,22452200
2013-09-20,52.950001,53.470001,52.799999,52.799999,47.19677,30792200
2013-09-23,52.080002,52.380001,51.389999,51.459999,45.998966,28189500
2013-09-24,51.009998,51.27,50.299999,50.32,44.979946,34906900
2013-09-25,50.220001,51.900002,50.060001,51.700001,46.213505,39175500
2013-09-26,51.93,52.560001,51.540001,51.889999,46.383339,22298700
2013-09-27,51.5,52.400002,51.389999,52.240002,46.696198,23026000
2013-09-30,51.73,52.09,51.439999,51.689999,46.204567,21350600
2013-10-01,51.639999,52.09,51.450001,51.959999,46.445908,19188000
2013-10-02,51.32,52.450001,51.290001,52.09,46.905144,23841200
2013-10-03,52,52.200001,51.5,51.939999,46.770073,18614500
2013-10-04,52.07,52.68,52.009998,52.669998,47.427414,17407200
2013-10-07,52.290001,52.360001,51.830002,51.830002,46.671028,16159300
2013-10-08,51.830002,51.959999,50.84,50.869999,45.806583,19536000
2013-10-09,51.169998,51.34,50.25,50.75,45.698528,24721200
2013-10-10,51.84,52.560001,51.380001,52.52,47.292343,24328700
2013-10-11,52.959999,53.349998,52.16,52.509998,47.283333,32498800
2013-10-14,51.939999,52.84,51.759998,52.709999,47.463432,18881600
2013-10-15,52.91,53.040001,52.18,52.310001,47.103252,17566500
2013-10-16,52.610001,54.049999,52.580002,54,48.625031,24864000
2013-10-17,53.790001,54.290001,53.610001,54.209999,48.814129,17791000
2013-10-18,54.259998,54.580002,53.799999,54.299999,48.895168,24796600
2013-10-21,54.27,54.849998,53.889999,54.27,48.868153,19471700
2013-10-22,54.650002,54.68,53.619999,53.619999,48.282848,24820900
2013-10-23,53.310001,53.360001,52.720001,52.75,47.499454,21034400
2013-10-24,52.84,52.889999,52.110001,52.48,47.256313,17759000
2013-10-25,52.16,52.91,52.07,52.77,47.51746,20889600
2013-10-28,52.889999,53.09,52.5,52.68,47.436417,14836800
2013-10-29,52.830002,52.990002,52.25,52.73,47.481438,23363100
2013-10-30,53,53.240002,52.5,52.599998,47.364384,16157200
2013-10-31,52.650002,52.709999,51.540001,51.540001,46.409889,23738000
2013-11-01,51.450001,52.709999,51.299999,52.509998,47.283333,25794400
2013-11-04,52.740002,52.759998,52,52.040001,46.860119,18891300
2013-11-05,51.849998,52.130001,51.66,51.950001,46.779076,14532200
2013-11-06,52.259998,52.34,51.830002,52.099998,46.914146,14013000
2013-11-07,52.130001,52.34,51.580002,51.650002,46.508942,17348900
2013-11-08,51.830002,53.970001,51.799999,53.959999,48.589012,31183100
2013-11-11,53.91,54.150002,53.700001,54.099998,48.715076,12062800
2013-11-12,53.93,54.080002,53.599998,53.970001,48.598015,15964800
2013-11-13,53.52,54.200001,53.150002,54.139999,48.751095,22121900
2013-11-14,54.259998,54.5,53.700001,54.400002,48.985222,17634000
2013-11-15,54.27,54.959999,54.189999,54.869999,49.408443,20530100
2013-11-18,55.490002,56,55.299999,55.740002,50.191837,22318800
2013-11-19,55.970001,56.639999,55.779999,56.150002,50.561028,22979900
2013-11-20,56.43,56.439999,55.77,56.099998,50.516003,17682800
2013-11-21,56.279999,57.400002,56.279999,57.220001,51.524525,22843600
2013-11-22,57.25,57.52,57.060001,57.459999,51.740635,16730600
2013-11-25,57.5,58.139999,57.41,57.650002,51.911724,18649600
2013-11-26,57.630001,57.959999,57.169998,57.169998,51.479496,16263300
2013-11-27,57.580002,57.830002,57.330002,57.48,51.758648,11238900
2013-11-29,57.580002,57.849998,57.200001,57.220001,51.524525,7128800
2013-12-02,57.099998,57.75,56.900002,56.98,51.308403,12465300
2013-12-03,56.889999,57.220001,56.139999,56.860001,51.200359,20426800
2013-12-04,56.439999,57.470001,56.209999,57.189999,51.497513,20287200
2013-12-05,56.709999,56.740002,55.75,55.82,50.263874,21324900
2013-12-06,56.57,56.759998,55.619999,56.060001,50.479988,18661200
2013-12-09,56.279999,56.529999,56.09,56.509998,50.885193,12714000
2013-12-10,56.490002,57.07,56.349998,56.700001,51.056282,14543700
2013-12-11,56.540001,56.77,55.959999,56.07,50.488995,17836100
2013-12-12,56.049999,56.599998,55.91,56.310001,50.705101,15325300
2013-12-13,56.369999,56.560001,56.040001,56.169998,50.579041,11461300
2013-12-16,56.34,56.939999,56.330002,56.419998,50.804153,26379200
2013-12-17,56.66,56.66,55.66,55.720001,50.173832,18338500
2013-12-18,55.84,57.27,55.400002,57.240002,51.542534,27685900
2013-12-19,57.099998,57.540001,56.82,57.23,51.533527,16790000
2013-12-20,57.209999,58,57.200001,57.700001,51.956753,22001700
2013-12-23,57.970001,58.389999,57.799999,58.240002,52.443005,13990600
2013-12-24,58.07,58.290001,58.040001,58.25,52.451996,4532600
2013-12-26,58.349998,58.459999,57.919998,58.200001,52.406975,6677000
2013-12-27,58.169998,58.349998,58.060001,58.139999,52.352951,8943700
2013-12-30,58.139999,58.27,57.709999,57.950001,52.181866,8815800
2013-12-31,58.200001,58.549999,58.049999,58.48,52.6591,11017400
2014-01-02,58.310001,58.5,57.970001,58.209999,52.758812,15627600
2014-01-03,58.290001,58.950001,58.209999,58.66,53.166656,14214100
2014-01-06,59.16,59.470001,58.830002,59,53.474819,17550700
2014-01-07,59.290001,59.43,58.110001,58.32,52.858498,17851200
2014-01-08,58.540001,58.91,58.299999,58.869999,53.356995,14687400
2014-01-09,58.98,59,58.330002,58.759998,53.257305,13242500
2014-01-10,58.669998,58.759998,58.18,58.490002,53.012581,12694900
2014-01-13,58.509998,58.669998,57.529999,57.700001,52.296562,20711600
2014-01-14,58.299999,58.580002,57.560001,57.740002,52.332817,30272400
2014-01-15,57.73,59.650002,57.73,59.490002,53.918938,35186600
2014-01-16,58.790001,59.82,58.740002,58.990002,53.465759,21689400
2014-01-17,59.209999,59.23,58.029999,58.110001,52.668167,20997900
2014-01-21,58.09,58.439999,57.580002,58.169998,52.722542,19548300
2014-01-22,58.330002,58.330002,57.419998,57.59,52.196873,15433500
2014-01-23,57.09,57.099998,56.209999,56.470001,51.181747,26234600
2014-01-24,56,56.360001,55.09,55.09,49.930977,26833100
2014-01-27,55.080002,55.799999,54.689999,55.09,49.930977,23935000
2014-01-28,55.389999,56.34,55.240002,55.740002,50.520111,18041000
2014-01-29,54.959999,55.869999,54.849998,55.529999,50.329784,25459000
2014-01-30,56.07,56.389999,55.630001,56,50.755756,17031100
2014-01-31,55.5,56.110001,55.18,55.360001,50.175697,18174000
2014-02-03,55.5,55.919998,54.200001,54.310001,49.224026,28549900
2014-02-04,54.720001,55.349998,54.599998,54.950001,49.804092,20709300
2014-02-05,55.099998,55.450001,54.580002,55.209999,50.039738,19491600
2014-02-06,55.349998,56.549999,55.200001,56.48,51.190811,20881600
2014-02-07,56.650002,56.93,56.259998,56.619999,51.317703,23388500
2014-02-10,56.77,56.919998,56.389999,56.740002,51.426472,14715200
2014-02-11,56.610001,57.57,56.580002,57.43,52.051849,18774100
2014-02-12,57.34,57.709999,57.16,57.52,52.133427,13437900
2014-02-13,57.07,58.099998,56.959999,58.029999,52.595657,16605500
2014-02-14,57.889999,58.23,57.75,58.150002,52.704422,13067300
2014-02-18,58.02,58.650002,57.900002,58.490002,53.012581,14983800
2014-02-19,58.360001,58.540001,57.220001,57.259998,51.897766,18669900
2014-02-20,57.529999,57.970001,57.27,57.580002,52.187801,12457000
2014-02-21,57.59,57.84,57.369999,57.610001,52.214989,16790100
2014-02-24,57.619999,58.23,57.580002,58.029999,52.595657,16151400
2014-02-25,57.900002,57.98,56.919998,57.029999,51.689304,17991800
2014-02-26,57.369999,57.380001,56.220001,56.75,51.435528,23661700
2014-02-27,56.779999,56.889999,56.139999,56.689999,51.381149,16277500
2014-02-28,56.57,57.450001,56.389999,56.82,51.498974,18599000
2014-03-03,56.299999,56.419998,55.689999,56.209999,50.946087,19151000
2014-03-04,56.950001,57.360001,56.639999,57.259998,51.897766,17157000
2014-03-05,57.48,58.290001,57.360001,58.16,52.71349,17761500
2014-03-06,58.509998,59.09,58.400002,58.900002,53.384182,19420600
2014-03-07,59.349998,59.799999,59.07,59.400002,53.837372,18602200
2014-03-10,59.139999,59.48,58.869999,59.200001,53.656094,16945200
2014-03-11,59.419998,59.450001,58.130001,58.189999,52.740673,19420000
2014-03-12,57.700001,57.959999,57.419998,57.919998,52.495964,17932100
2014-03-13,58,58.34,57.189999,57.419998,52.042786,17192500
2014-03-14,57.110001,57.529999,56.619999,56.799999,51.48085,18635800
2014-03-17,57.209999,57.700001,57.049999,57.580002,52.187801,13581400
2014-03-18,57.82,58.16,57.619999,58.060001,52.622852,12554800
2014-03-19,57.990002,58.93,57.889999,58.299999,52.840374,21450700
2014-03-20,58.360001,60.490002,58.130001,60.110001,54.480877,33736500
2014-03-21,60.959999,61.200001,60,60.169998,54.535259,35144100
2014-03-24,60.369999,61.189999,60.349998,61.07,55.350967,25810500
2014-03-25,61.110001,61.48,60.560001,60.93,55.224091,24053500
2014-03-26,61.240002,61.400002,59.889999,59.900002,54.290546,22745200
2014-03-27,59.939999,60.549999,59.02,59.919998,54.308662,24632600
2014-03-28,60.209999,60.59,59.68,60.040001,54.417435,14708700
2014-03-31,60.830002,61.02,60.599998,60.709999,55.024681,15216700
2014-04-01,60.950001,61.290001,60.369999,60.669998,54.988434,14584400
2014-04-02,60.369999,60.77,60.200001,60.48,55.16172,14012200
2014-04-03,60.650002,60.799999,60.279999,60.66,55.325893,11925200
2014-04-04,61.02,61.060001,59.799999,59.810001,54.550644,16966900
2014-04-07,59.689999,60,58.84,59,53.811863,18685700
2014-04-08,58.799999,59.02,58.25,58.849998,53.675056,16956500
2014-04-09,59.099998,59.450001,58.5,59.27,54.058132,15308400
2014-04-10,59.349998,59.389999,57.380001,57.400002,52.352566,29977200
2014-04-11,55.18,56.049999,54.549999,55.299999,50.437225,47241300
2014-04-14,55.849998,55.939999,54.48,54.959999,50.127125,31081500
2014-04-15,55.09,55.639999,54.349998,54.799999,49.98119,26691400
2014-04-16,55,55.349998,54.689999,55.259998,50.400738,27049400
2014-04-17,55.34,55.57,55.009998,55.220001,50.364269,17955400
2014-04-21,55.259998,55.41,54.990002,55.029999,50.190968,12384800
2014-04-22,55.040001,56.080002,54.939999,55.810001,50.902382,16257600
2014-04-23,55.799999,56.119999,55.560001,56.049999,51.121277,11379000
2014-04-24,56.07,56.259998,55.610001,56.189999,51.248962,15360600
2014-04-25,56.310001,56.349998,55.639999,55.700001,50.802048,15937700
2014-04-28,55.630001,55.700001,54.68,55.490002,50.610523,21394100
2014-04-29,55.73,56.310001,55.57,56.099998,51.166874,13453400
2014-04-30,56.240002,56.349998,55.720001,55.98,51.05743,14388100
2014-05-01,55.919998,56.189999,55.5,55.720001,50.820293,12744600
2014-05-02,55.830002,56.369999,55.439999,55.580002,50.692608,15153800
2014-05-05,53.880001,54.740002,53.700001,54.220001,49.452198,25232300
2014-05-06,54.040001,54.060001,53.32,53.34,48.649574,25327400
2014-05-07,53.549999,54.119999,53.240002,54.049999,49.297134,18502600
2014-05-08,54.200001,54.529999,54.060001,54.360001,49.57988,16090800
2014-05-09,54.220001,54.310001,53.68,54.009998,49.260654,12366500
2014-05-12,54.27,54.700001,54.029999,54.650002,49.844387,12825500
2014-05-13,54.740002,54.830002,54.5,54.619999,49.817009,12310700
2014-05-14,54.639999,54.700001,54.299999,54.360001,49.57988,10325800
2014-05-15,54.200001,54.200001,53.349998,53.509998,48.804626,19763000
2014-05-16,53.419998,53.509998,52.970001,53.310001,48.622215,19992400
2014-05-19,53.080002,53.91,53.060001,53.830002,49.096485,12068900
2014-05-20,53.720001,54.040001,53.41,53.720001,48.996159,16888200
2014-05-21,54.049999,54.599998,53.98,54.119999,49.360985,13210200
2014-05-22,54.169998,54.599998,54.02,54.549999,49.753174,11800900
2014-05-23,54.549999,54.59,54.16,54.529999,49.734924,10876500
2014-05-27,54.75,55.43,54.689999,55.139999,50.291294,14503700
2014-05-28,55.09,55.599998,55,55.450001,50.574032,11374900
2014-05-29,55.75,55.919998,55.389999,55.720001,50.820293,11741000
2014-05-30,55.580002,55.880001,55.310001,55.57,50.683479,11991900
2014-06-02,55.650002,55.650002,55.02,55.349998,50.482822,9440000
2014-06-03,55.09,55.66,55.09,55.599998,50.710842,9131500
2014-06-04,55.52,55.73,55.25,55.68,50.78381,9727800
2014-06-05,55.91,56.66,55.490002,56.630001,51.650269,16803400
2014-06-06,56.759998,57.130001,56.650002,56.970001,51.960373,15399800
2014-06-09,56.91,57.669998,56.900002,57.419998,52.370796,11999700
2014-06-10,57.470001,57.939999,57.389999,57.900002,52.80859,11609200
2014-06-11,57.48,57.790001,56.98,57.27,52.23399,14232200
2014-06-12,57.07,57.419998,56.869999,57.040001,52.02422,11670200
2014-06-13,57.029999,57.669998,56.880001,57.040001,52.02422,12040800
2014-06-16,56.849998,56.950001,56.330002,56.869999,51.86916,11199100
2014-06-17,56.790001,57.59,56.68,57.419998,52.370796,11200500
2014-06-18,57.290001,57.810001,56.950001,57.779999,52.699154,13729400
2014-06-19,57.689999,57.689999,57.209999,57.299999,52.261356,11624400
2014-06-20,57.689999,57.77,57.349998,57.549999,52.489365,17124800
2014-06-23,57.540001,58.220001,57.240002,58.189999,53.073093,16007700
2014-06-24,57.880001,58.119999,57.299999,57.419998,52.370796,12322900
2014-06-25,57.220001,57.740002,56.869999,57.529999,52.471127,14836600
2014-06-26,57.34,57.490002,56.599998,57.389999,52.343437,11854400
2014-06-27,57.330002,57.700001,57.240002,57.529999,52.471127,10178600
2014-06-30,57.439999,57.779999,57.380001,57.619999,52.553215,11549000
2014-07-01,57.150002,57.990002,57.080002,57.57,52.874668,14472200
2014-07-02,57.27,57.48,56.82,56.970001,52.323605,19189900
2014-07-03,57.23,57.650002,57,57.049999,52.397076,12599800
2014-07-07,56.889999,56.990002,56.400002,56.669998,52.048073,13916100
2014-07-08,56.349998,56.470001,55.630001,55.759998,51.212296,18343400
2014-07-09,55.880001,56.119999,55.610001,56.02,51.45108,10914300
2014-07-10,55.060001,55.810001,54.959999,55.560001,51.028614,12436600
2014-07-11,55.290001,55.91,55.189999,55.799999,51.249027,10230000
2014-07-14,56.529999,56.84,56.200001,56.290001,51.699066,14004400
2014-07-15,57.950001,58.689999,57.759998,58.27,53.517567,36178000
2014-07-16,58.509998,58.98,58.310001,58.709999,53.921696,20507500
2014-07-17,58.560001,58.860001,57.759998,57.860001,53.141018,17013500
2014-07-18,58.330002,58.48,57.900002,58.23,53.480846,12803300
2014-07-21,58.119999,58.41,57.900002,58.240002,53.490025,9141400
2014-07-22,58.419998,58.799999,58.369999,58.669998,53.884953,10375200
2014-07-23,58.759998,59.189999,58.52,59,54.188038,11122100
2014-07-24,59.07,59.349998,58.990002,59.169998,54.344181,9844100
2014-07-25,58.919998,59.27,58.84,59.009998,54.197227,10500600
2014-07-28,58.939999,59.259998,58.669998,59.189999,54.362545,12382800
2014-07-29,59.130001,59.130001,58.439999,58.639999,53.857399,13498800
2014-07-30,59.02,59.279999,58.610001,58.91,54.105389,11815700
2014-07-31,58.650002,58.68,57.66,57.669998,52.966507,15955900
2014-08-01,57.389999,57.490002,55.970001,56.48,51.873566,23915400
2014-08-04,56.91,56.98,56.34,56.650002,52.029713,13543900
2014-08-05,56.43,56.599998,55.599998,56.060001,51.487827,16863300
2014-08-06,55.889999,56.689999,55.830002,56.23,51.643955,12190600
2014-08-07,56.630001,56.689999,55.68,55.91,51.350052,11743800
2014-08-08,55.889999,56.360001,55.639999,56.34,51.744984,12213200
2014-08-11,56.540001,56.580002,56.169998,56.32,51.726616,9066800
2014-08-12,56.23,56.549999,56.130001,56.349998,51.754169,11289600
2014-08-13,56.689999,56.84,56.509998,56.720001,52.093998,7012600
2014-08-14,56.77,57,56.700001,56.98,52.33279,8275900
2014-08-15,57.240002,57.5,56.389999,56.75,52.121548,12727400
2014-08-18,56.860001,57.43,56.759998,57.23,52.562397,8881400
2014-08-19,57.599998,57.720001,57.34,57.560001,52.865482,9040500
2014-08-20,57.419998,57.849998,57.389999,57.639999,52.938961,8121400
2014-08-21,57.66,58.77,57.599998,58.5,53.728825,12745500
2014-08-22,58.439999,59.080002,58.330002,58.490002,53.719643,10228600
2014-08-25,58.98,59.830002,58.860001,59.34,54.500309,13996800
2014-08-26,59.57,59.950001,59.389999,59.740002,54.867687,10281100
2014-08-27,59.849998,59.950001,59.529999,59.59,54.729923,11410900
2014-08-28,59.25,59.369999,58.810001,59.16,54.334988,9096100
2014-08-29,59.34,59.650002,59.23,59.450001,54.601337,8897900
2014-09-02,59.459999,59.709999,59.150002,59.669998,54.803391,8671100
2014-09-03,60.02,60.369999,59.459999,59.700001,54.830948,11791800
2014-09-04,59.630001,60.139999,59.43,59.709999,54.84013,9811900
2014-09-05,59.619999,59.91,59.220001,59.91,55.023823,9600900
2014-09-08,59.84,60.220001,59.740002,59.889999,55.005447,8090000
2014-09-09,59.630001,59.68,58.779999,59.060001,54.243153,14868700
2014-09-10,59.150002,59.560001,58.919998,59.220001,54.390102,9153800
2014-09-11,59.18,59.84,58.970001,59.759998,54.886051,11467000
2014-09-12,59.799999,60.41,59.75,60.029999,55.134037,14359100
2014-09-15,59.779999,59.990002,59.450001,59.939999,55.051376,10685600
2014-09-16,59.709999,60.200001,59.619999,59.990002,55.097301,10947900
2014-09-17,59.950001,60.59,59.82,60.310001,55.391201,15091800
2014-09-18,60.540001,61.400002,60.540001,61.32,56.318821,16973700
2014-09-19,61.740002,61.849998,60.98,61.110001,56.125957,18739300
2014-09-22,60.939999,61.450001,60.799999,60.91,55.942261,13225200
2014-09-23,60.82,61.400002,60.77,60.939999,55.969814,14328800
2014-09-24,61.18,61.639999,61.02,61.630001,56.603535,13728200
2014-09-25,61.490002,61.5,60.150002,60.150002,55.244247,16340100
2014-09-26,60.330002,60.880001,60.32,60.560001,55.620811,11948900
2014-09-29,60.029999,60.5,59.73,60.330002,55.409573,10686500
2014-09-30,60.400002,60.740002,60.130001,60.240002,55.326912,14384800
2014-10-01,60.240002,60.400002,59.73,59.77,54.895241,18995800
2014-10-02,59.150002,59.490002,58.610001,58.84,54.405193,24559100
2014-10-03,59.25,60.389999,59.049999,60.299999,55.755146,18321100
2014-10-06,60.779999,60.799999,60,60.18,55.644192,11578000
2014-10-07,59.919998,59.919998,59.189999,59.27,54.802776,14542000
2014-10-08,59.360001,60.43,59.18,60.400002,55.847618,15834100
2014-10-09,60.330002,60.330002,58.889999,59.080002,54.627113,19189500
2014-10-10,59.029999,59.82,58.509998,58.52,54.109306,16689400
2014-10-13,58.5,59.150002,58.110001,58.16,53.77644,17169300
2014-10-14,56.689999,58.52,56.060001,57.990002,53.619251,29096800
2014-10-15,57.02,57.380001,54.259998,55.529999,51.344666,37866900
2014-10-16,54.75,55.98,54.279999,55.080002,50.928585,31965100
2014-10-17,55.73,56.779999,55.57,56.200001,51.964169,20183500
2014-10-20,56.099998,56.75,56.07,56.630001,52.361755,10807600
2014-10-21,57.23,58.009998,57.080002,57.93,53.56377,14020400
2014-10-22,58.040001,58.259998,57.439999,57.450001,53.119953,13750700
2014-10-23,58.119999,58.599998,57.939999,58.060001,53.683983,12641900
2014-10-24,58,58.779999,58,58.740002,54.312733,13758000
2014-10-27,58.450001,58.790001,58.25,58.639999,54.220264,11087100
2014-10-28,58.869999,59.689999,58.810001,59.630001,55.135647,13625000
2014-10-29,59.619999,59.779999,58.759998,59.290001,54.82127,16712100
2014-10-30,58.939999,59.68,58.919998,59.389999,54.913727,14709800
2014-10-31,60.119999,60.540001,59.869999,60.48,55.921577,18347600
2014-11-03,60.790001,61.150002,60.360001,60.880001,56.291435,11841200
2014-11-04,60.240002,60.369999,59.419998,60.25,55.708916,15295800
2014-11-05,60.799999,61.23,60.389999,61.150002,56.541088,14063800
2014-11-06,61.080002,61.310001,60.630001,61.23,56.615047,10421600
2014-11-07,61.07,61.549999,60.860001,61.470001,56.836964,12384600
2014-11-10,61.25,61.93,61.200001,61.93,57.262295,10801000
2014-11-11,61.709999,61.889999,61.290001,61.369999,56.744499,12539800
2014-11-12,60.419998,60.84,60.23,60.560001,55.995556,17219600
2014-11-13,60.5,60.630001,59.990002,60.23,55.690426,12240400
2014-11-14,60.25,60.619999,60.18,60.279999,55.736656,6803400
2014-11-17,60,60.529999,59.889999,60.380001,55.829124,9017600
2014-11-18,60.349998,60.82,60.200001,60.529999,55.967808,8897800
2014-11-19,60.450001,60.790001,60.150002,60.599998,56.032528,9210100
2014-11-20,60.200001,60.25,59.75,60.119999,55.588715,10917300
2014-11-21,61.07,61.07,60.299999,60.450001,55.893848,12340500
2014-11-24,60.700001,61.310001,60.700001,60.959999,56.365406,8335000
2014-11-25,61.16,61.16,59.950001,60.299999,55.755146,14802600
2014-11-26,60.57,60.57,60.200001,60.34,55.792133,7626600
2014-11-28,60.400002,60.560001,60.029999,60.16,55.625698,6759600
2014-12-01,59.98,60.209999,59.549999,60,55.477753,12771600
2014-12-02,60.009998,61.189999,60,61.080002,56.47636,12546600
2014-12-03,60.959999,61.619999,60.810001,61.540001,56.901688,12115500
2014-12-04,61.099998,61.57,60.84,61.380001,56.75375,11515200
2014-12-05,62.009998,63.060001,61.880001,62.700001,57.974262,20071100
2014-12-08,62.599998,63.16,62.259998,62.669998,57.946518,15528200
2014-12-09,61.849998,62.849998,61.560001,62.450001,57.743103,19676400
2014-12-10,62.16,62.240002,60.369999,60.68,56.106503,29620600
2014-12-11,61.169998,62.060001,61.110001,61.139999,56.53183,16886200
2014-12-12,60.529999,61.220001,59.959999,60.040001,55.514751,17405400
2014-12-15,60.740002,60.810001,58.790001,59.16,54.701069,19209900
2014-12-16,58.419998,59.860001,58.110001,58.43,54.026096,20709700
2014-12-17,58.57,59.830002,58.34,59.77,55.265095,17856400
2014-12-18,60.639999,61.48,60.439999,61.48,56.846207,18173400
2014-12-19,61.400002,62.349998,61.369999,61.93,57.262295,22756400
2014-12-22,62.16,62.330002,61.610001,61.939999,57.271534,17073400
2014-12-23,62.049999,62.970001,61.93,62.48,57.770836,13552600
2014-12-24,62.740002,62.869999,62.27,62.48,57.770836,7412500
2014-12-26,62.669998,62.889999,62.41,62.549999,57.83556,6086500
2014-12-29,62.419998,63.34,62.25,62.959999,58.214661,10601200
2014-12-30,62.720001,63.279999,62.57,63.150002,58.390343,7518100
2014-12-31,63.299999,63.490002,62.580002,62.580002,57.863304,18529400
2015-01-02,62.18,62.959999,62.07,62.490002,58.151787,12600000
2015-01-05,62.060001,62.279999,60.23,60.549999,56.346466,20100600
2015-01-06,60.639999,60.75,58.349998,58.98,54.885452,29074100
2015-01-07,59.889999,59.889999,58.669998,59.07,54.969208,23843200
2015-01-08,59.970001,60.900002,59.970001,60.389999,56.197571,16971100
2015-01-09,60.720001,60.790001,59.290001,59.34,55.220459,15372100
2015-01-12,59.279999,59.400002,58.27,58.830002,54.745872,15455200
2015-01-13,59.259998,59.700001,58.369999,58.84,54.755173,21644700
2015-01-14,56.91,57,55.27,56.810001,52.866104,49602300
2015-01-15,55.73,56.610001,54.5,54.990002,51.172447,42458100
2015-01-16,54.66,56,54.639999,55.93,52.047195,29368900
2015-01-20,56.040001,56.389999,55.419998,55.709999,51.842472,23329400
2015-01-21,55.450001,56.419998,55.189999,55.889999,52.009972,21842400
2015-01-22,56.380001,57.73,55.959999,57.59,53.591953,31423500
2015-01-23,57.720001,57.869999,56.66,56.68,52.745129,15339900
2015-01-26,56.41,56.990002,56.200001,56.77,52.828876,12577700
2015-01-27,56.049999,56.610001,55.759998,56.200001,52.298454,15220500
2015-01-28,56.619999,56.68,54.75,54.75,50.949116,24354400
2015-01-29,55.27,55.889999,54.68,55.669998,51.805248,20393300
2015-01-30,54.990002,55.5,54.369999,54.380001,50.604801,26943700
2015-02-02,54.529999,55.650002,54.27,55.470001,51.619129,20308900
2015-02-03,55.91,56.779999,55.869999,56.720001,52.782352,18789400
2015-02-04,56.32,57.07,56.279999,56.380001,52.46595,14934100
2015-02-05,56.860001,57.040001,56.459999,56.77,52.828876,11293900
2015-02-06,57.75,58.73,57.540001,57.889999,53.87112,25009100
2015-02-09,57.419998,58.099998,57.23,57.82,53.805988,14372400
2015-02-10,58.419998,58.709999,58.049999,58.459999,54.401546,16367300
2015-02-11,58.060001,58.66,57.84,58.369999,54.317806,13061900
2015-02-12,58.93,59.709999,58.549999,59.57,55.434494,23211300
2015-02-13,59.459999,60.220001,59.34,59.669998,55.527554,16479100
2015-02-17,59.360001,60.139999,59.32,60.099998,55.927696,15308800
2015-02-18,60.099998,60.099998,59.119999,59.369999,55.248386,13095100
2015-02-19,59.150002,59.48,58.799999,59.23,55.118099,11256500
2015-02-20,58.959999,59.889999,58.349998,59.799999,55.648529,15379000
2015-02-23,59.5,59.529999,58.799999,59.349998,55.229767,16814000
2015-02-24,60.25,61.25,60.080002,60.82,56.597725,22902100
2015-02-25,60.759998,61.27,60.75,61.139999,56.895504,18307900
2015-02-26,61.029999,61.700001,60.91,61.580002,57.304955,15444800
2015-02-27,61.130001,61.919998,61.130001,61.279999,57.025784,15225900
2015-03-02,61.279999,61.830002,61.029999,61.77,57.48177,13047300
2015-03-03,61.650002,61.990002,61.5,61.970001,57.667885,13706900
2015-03-04,61.639999,62.169998,61.349998,62.130001,57.81678,16625500
2015-03-05,62.200001,62.23,61.599998,62,57.695801,10931300
2015-03-06,62.16,62.869999,60.799999,60.889999,56.662857,22719200
2015-03-09,60.84,61.630001,60.799999,61.5,57.230503,13001500
2015-03-10,60.759998,61.009998,59.959999,59.959999,55.797421,16307300
2015-03-11,60.130001,60.650002,59.959999,60.240002,56.057983,13015600
2015-03-12,60.650002,61.450001,60.650002,61.369999,57.109531,18159600
2015-03-13,61.400002,61.860001,60.43,61,56.765224,16506200
2015-03-16,61.5,61.919998,61.25,61.849998,57.556217,15182900
2015-03-17,61.34,61.66,60.919998,61.610001,57.332874,11628800
2015-03-18,61.389999,62.049999,61.09,61.75,57.463158,15681300
2015-03-19,61.57,61.650002,60.759998,61.200001,56.951332,11523800
2015-03-20,61.32,62.099998,61.150002,61.75,57.463158,18368300
2015-03-23,61.75,62.080002,61.119999,61.139999,56.895504,14714300
2015-03-24,60.970001,61.240002,60.450001,60.459999,56.262707,12128700
2015-03-25,60.529999,60.639999,59.59,59.610001,55.471722,14950900
2015-03-26,59.459999,59.790001,58.869999,59.540001,55.406574,14039600
2015-03-27,59.490002,59.779999,59,59.549999,55.415882,11750900
2015-03-30,60.880001,61.459999,60.610001,60.959999,56.727997,20656500
2015-03-31,60.720001,60.939999,60.419998,60.580002,56.374386,17346700
2015-04-01,60.41,60.57,59.73,59.950001,56.15892,18077800
2015-04-02,60.07,60.700001,60,60.52,56.692883,12697800
2015-04-06,59.919998,60.75,59.650002,60.470001,56.646046,12025200
2015-04-07,61.150002,61.5,60.849998,60.849998,57.002007,11505500
2015-04-08,61.060001,61.560001,60.939999,61.049999,57.189365,11734000
2015-04-09,61.27,61.580002,60.830002,61.470001,57.582806,11728500
2015-04-10,61.349998,61.779999,61.200001,61.700001,57.79826,9869700
2015-04-13,61.639999,62.27,61.5,62.07,58.144855,15468700
2015-04-14,62.959999,63.610001,62.740002,63.040001,59.053528,33742000
2015-04-15,63.080002,64.480003,63.009998,64.209999,60.149532,28732200
2015-04-16,64.080002,64.269997,63.66,63.810001,59.774826,16640500
2015-04-17,63.25,63.400002,62.490002,62.84,58.866165,20221200
2015-04-20,63.220001,63.52,63.139999,63.240002,59.240871,12716700
2015-04-21,63.330002,63.599998,62.130001,62.310001,58.36969,14985100
2015-04-22,62.650002,63.150002,62.029999,62.939999,58.959843,14484700
2015-04-23,62.790001,63.209999,62.599998,62.799999,58.82869,12851300
2015-04-24,62.630001,62.84,62.34,62.599998,58.641342,9597500
2015-04-27,62.700001,63.150002,62.310001,62.34,58.397789,11146400
2015-04-28,62.490002,62.779999,61.77,62.759998,58.791222,12307800
2015-04-29,62.560001,63.889999,62.459999,63.599998,59.578114,17601200
2015-04-30,63.580002,63.880001,62.919998,63.259998,59.259613,16840900
2015-05-01,63.700001,63.869999,63.330002,63.610001,59.587475,11640100
2015-05-04,63.68,64.870003,63.639999,64.720001,60.627285,14972500
2015-05-05,64.510002,65.32,64.290001,64.400002,60.327518,17692400
2015-05-06,64.529999,65.07,63.419998,63.919998,59.877865,18087900
2015-05-07,63.669998,64.599998,63.25,64.5,60.421192,15039900
2015-05-08,64.970001,65.650002,64.599998,65.489998,61.348583,16802600
2015-05-11,65.260002,65.639999,65.080002,65.449997,61.311119,13798800
2015-05-12,65.309998,65.540001,64.760002,65.360001,61.226814,12762200
2015-05-13,65.419998,65.629997,65.059998,65.519997,61.376686,11874100
2015-05-14,65.830002,66.18,65.709999,66.050003,61.873169,11855500
2015-05-15,66.129997,66.160004,65.440002,65.879997,61.713917,11152100
2015-05-18,65.800003,66.540001,65.800003,66.419998,62.219776,10505500
2015-05-19,66.769997,67.190002,66.57,67.010002,62.772469,14282700
2015-05-20,66.949997,67.029999,66.400002,66.480003,62.275997,12446000
2015-05-21,66.139999,66.68,66.010002,66.650002,62.435226,12934500
2015-05-22,66.629997,66.830002,66.32,66.470001,62.266617,9296900
2015-05-26,66.199997,66.290001,65.309998,65.730003,61.573414,15571300
2015-05-27,65.949997,66.650002,65.82,66.470001,62.266617,10963700
2015-05-28,66.360001,66.400002,65.739998,66.199997,62.013691,11797400
2015-05-29,66.18,66.220001,65.360001,65.779999,61.620258,14240700
2015-06-01,65.989998,66.660004,65.970001,66.080002,61.901279,11899300
2015-06-02,65.830002,66.389999,65.580002,66.019997,61.84507,12721500
2015-06-03,66.43,67.129997,66.269997,66.699997,62.482059,12927300
2015-06-04,66.309998,67.050003,66.010002,66.330002,62.135471,13863300
2015-06-05,67.370003,67.839996,67.010002,67.419998,63.156536,20801100
2015-06-08,67.459999,67.550003,66.809998,66.889999,62.660057,14486200
2015-06-09,66.949997,67.269997,66.470001,67.18,62.931725,13263500
2015-06-10,67.589996,68.5,67.470001,68.260002,63.94342,17478900
2015-06-11,68.360001,68.68,68.150002,68.519997,64.186974,13739900
2015-06-12,68.309998,68.540001,67.870003,68.25,63.934052,11804700
2015-06-15,67.580002,68.209999,67.300003,67.989998,63.690495,14082300
2015-06-16,67.769997,68.519997,67.620003,68.370003,64.046471,11692800
2015-06-17,68.410004,68.68,68.040001,68.139999,63.831009,14521900
2015-06-18,68.349998,68.82,67.900002,68.779999,64.430534,16759600
2015-06-19,68.459999,68.669998,67.919998,68.080002,63.774803,21606400
2015-06-22,68.870003,69.290001,68.75,68.959999,64.599159,14306700
2015-06-23,69.349998,69.82,69.190002,69.75,65.339195,15736900
2015-06-24,69.510002,69.769997,68.910004,69.019997,64.65535,16995000
2015-06-25,69.32,69.470001,68.639999,68.650002,64.308754,13314300
2015-06-26,68.940002,69.290001,68.769997,68.949997,64.589798,14489200
2015-06-29,67.68,68.260002,67.160004,67.199997,62.950443,19934400
2015-06-30,67.889999,68.110001,67.160004,67.760002,63.475033,20677400
2015-07-01,68.120003,68.389999,67.779999,68.07,64.182198,13964400
2015-07-02,67.949997,68.129997,67.190002,67.519997,63.663609,12822900
2015-07-06,66.879997,67.459999,66.540001,67.330002,63.484463,13527100
2015-07-07,67.089996,67.220001,65.300003,66.800003,62.984745,22421500
2015-07-08,66,66.160004,65.209999,65.43,61.692986,17707200
2015-07-09,66.489998,66.699997,65.989998,66.110001,62.334152,14984700
2015-07-10,67.220001,67.400002,66.830002,67.050003,63.220463,12356100
2015-07-13,67.889999,68.139999,67.68,68.089996,64.201057,16175600
2015-07-14,67.980003,69.099998,67.760002,69.040001,65.096809,20185100
2015-07-15,69.230003,69.43,68.849998,69.190002,65.238235,16891600
2015-07-16,69.629997,69.949997,69.410004,69.559998,65.587097,18035700
2015-07-17,69.349998,69.489998,68.919998,69.209999,65.257088,14040700
2015-07-20,69.5,69.769997,69.18,69.260002,65.304237,11512900
2015-07-21,69.160004,69.540001,68.870003,69.099998,65.153366,11659900
2015-07-22,69.279999,70.290001,69.199997,70.080002,66.077408,15493000
2015-07-23,70.190002,70.610001,69.459999,69.639999,65.662529,14331800
2015-07-24,69.440002,69.559998,68.68,68.910004,64.974228,12413900
2015-07-27,68.150002,68.220001,67.57,68.010002,64.125633,16801600
2015-07-28,68.550003,68.599998,67.769997,68.050003,64.163345,14932400
2015-07-29,68.32,69.099998,68.160004,68.940002,65.002502,13059200
2015-07-30,68.93,69.449997,68.540001,69.040001,65.096809,10197200
2015-07-31,69.010002,69.040001,68.400002,68.529999,64.615929,11911800
2015-08-03,68.589996,68.839996,68,68.529999,64.615929,9980600
2015-08-04,68.470001,68.949997,68.309998,68.459999,64.549919,10964000
2015-08-05,69.050003,69.419998,68.559998,68.730003,64.804504,11302900
2015-08-06,68.75,68.940002,68,68.25,64.351929,10803400
2015-08-07,68.330002,68.739998,67.550003,68.050003,64.163345,11453300
2015-08-10,68.220001,69.010002,68.220001,68.889999,64.955376,12661400
2015-08-11,68.230003,68.400002,67.849998,68.230003,64.333069,14722400
2015-08-12,67.410004,67.550003,66.07,67.239998,63.399612,21069000
2015-08-13,67.25,67.800003,66.970001,67.550003,63.691914,11930600
2015-08-14,67.419998,67.910004,67.400002,67.889999,64.012482,11216900
2015-08-17,67.620003,68.239998,67.400002,68.07,64.182198,10326500
2015-08-18,67.980003,68.360001,67.839996,68.209999,64.314209,10617500
2015-08-19,67.93,68.309998,67.360001,67.599998,63.739048,15198200
2015-08-20,66.809998,67.040001,65.940002,65.940002,62.173851,20972300
2015-08-21,65.089996,65.440002,63.57,63.599998,59.967503,28235500
2015-08-24,59.290001,62.919998,50.07,60.25,56.808838,36339100
2015-08-25,63.099998,63.32,59.73,59.91,56.488258,31772500
2015-08-26,61.799999,62.98,60.549999,62.91,59.316914,33576800
2015-08-27,63.98,64.730003,63.139999,64.480003,60.797245,29045700
2015-08-28,64.290001,64.459999,63.599998,64.129997,60.467236,16687300
2015-08-31,63.610001,64.349998,63.470001,64.099998,60.43895,14087200
2015-09-01,62.849998,62.849998,60.990002,61.450001,57.940304,23637300
2015-09-02,62.619999,62.91,61.540001,62.57,58.996334,17757900
2015-09-03,62.880001,63.66,62.450001,62.68,59.100056,17065400
2015-09-04,61.799999,61.919998,60.75,61.5,57.987446,20189000
2015-09-08,62.77,63.200001,62.330002,63.16,59.552631,13385100
2015-09-09,63.939999,64.339996,62,62.18,58.628609,13718600
2015-09-10,61.860001,63,61.450001,62.66,59.081192,15751100
2015-09-11,62.380001,62.66,61.990002,62.560001,58.986908,12766700
2015-09-14,62.639999,62.689999,62.119999,62.380001,58.817184,10202800
2015-09-15,62.759998,63.889999,62.509998,63.580002,59.948654,13897100
2015-09-16,63.889999,64.290001,63.209999,64.139999,60.476665,12235900
2015-09-17,64.139999,64.639999,62.389999,62.650002,59.071766,21249200
2015-09-18,61.830002,61.830002,60.779999,60.939999,57.459431,30758800
2015-09-21,61.52,61.91,61.080002,61.450001,57.940304,13136400
2015-09-22,60.599998,61.09,60.419998,60.91,57.431145,14811900
2015-09-23,60.799999,61.150002,60.32,60.639999,57.176567,11712200
2015-09-24,60.009998,60.380001,59.459999,60.220001,56.780556,17293400
2015-09-25,61.27,61.860001,60.869999,61.470001,57.95916,18384300
2015-09-28,60.919998,61.009998,59.689999,59.98,56.554264,17452200
2015-09-29,59.98,60.130001,58.73,59.84,56.42226,19334900
2015-09-30,60.700001,61,60.110001,60.970001,57.48772,18639000
2015-10-01,61.119999,61.869999,60.540001,61.419998,57.912018,16863200
2015-10-02,59.59,60.860001,58.529999,60.810001,57.750568,20435100
2015-10-05,61.240002,62.240002,61.220001,62.02,58.899696,13471100
2015-10-06,62.110001,62.360001,61.619999,62.049999,58.928185,12134800
2015-10-07,62.549999,63.029999,61.759998,62.130001,59.004154,12773100
2015-10-08,61.849998,62.25,61.43,62.130001,59.004154,13964600
2015-10-09,62.389999,62.549999,61.580002,61.93,58.814224,12112000
2015-10-12,61.84,62.009998,61.400002,61.720001,58.614784,10857400
2015-10-13,61.389999,62.16,61.310001,61.549999,58.453335,15621900
2015-10-14,60.759998,60.970001,59.540001,59.990002,56.971828,28989400
2015-10-15,60.470001,61.959999,60.099998,61.889999,58.776237,18147900
2015-10-16,62.43,62.650002,62.09,62.43,59.289063,17456600
2015-10-19,62,62.77,61.91,62.220001,59.089634,14510400
2015-10-20,62.360001,62.82,62.080002,62.52,59.374538,11487700
2015-10-21,62.880001,62.959999,62.049999,62.060001,58.937675,12113400
2015-10-22,62.419998,63.580002,62.419998,63.189999,60.010822,15295700
2015-10-23,63.630001,64.190002,63.5,63.869999,60.656612,16985200
2015-10-26,63.84,63.990002,63.41,63.900002,60.685108,13880200
2015-10-27,63.529999,63.860001,63.310001,63.639999,60.438187,8831900
2015-10-28,63.700001,65.739998,63.689999,65.5,62.204605,17962000
2015-10-29,65.260002,65.830002,64.879997,65.209999,61.929199,12686400
2015-10-30,65.300003,65.339996,64.129997,64.25,61.01749,15731400
2015-11-02,64.449997,65.75,64.389999,65.540001,62.242592,15253300
2015-11-03,65.290001,66.099998,65.169998,65.779999,62.47052,11519500
2015-11-04,66.010002,66.150002,65.629997,65.849998,62.537003,11374700
2015-11-05,65.790001,66.669998,65.75,66.440002,63.097313,12715900
2015-11-06,68.370003,69.029999,68.099998,68.459999,65.015686,23262700
2015-11-09,68.699997,68.720001,67.080002,67.389999,63.999527,17143800
2015-11-10,67.190002,67.849998,66.93,67.68,64.274933,13239700
2015-11-11,68.099998,68.169998,67.25,67.349998,63.961533,8513900
2015-11-12,66.860001,66.900002,65.949997,66,62.679455,13576900
2015-11-13,65.839996,66.169998,65.230003,65.559998,62.261585,11837000
2015-11-16,65.459999,66.580002,65.169998,66.510002,63.163795,11041100
2015-11-17,66.669998,66.739998,65.889999,66.129997,62.80291,12354800
2015-11-18,66.480003,67.550003,66.370003,67.449997,64.056488,12911400
2015-11-19,67.580002,67.82,67.040001,67.660004,64.255936,12839500
2015-11-20,67.989998,68.110001,67.379997,67.540001,64.141975,11209600
2015-11-23,67.309998,67.580002,66.779999,66.879997,63.515175,11339000
2015-11-24,66.169998,67.139999,66.040001,66.779999,63.420212,10910000
2015-11-25,66.93,67.120003,66.550003,66.860001,63.496178,7772000
2015-11-27,67,67.330002,66.639999,67.169998,63.790596,4052500
2015-11-30,67.279999,67.519997,66.68,66.68,63.325241,15147500
2015-12-01,67.339996,67.830002,66.989998,67.610001,64.208443,12708800
2015-12-02,67.830002,67.879997,66.480003,66.660004,63.306263,13440900
2015-12-03,66.830002,67.029999,65.580002,65.800003,62.489506,14626900
2015-12-04,66.099998,68,66.029999,67.889999,64.474365,17786000
2015-12-07,67.660004,67.75,66.400002,67,63.629131,11686000
2015-12-08,66.25,66.959999,65.699997,65.959999,62.641464,13084500
2015-12-09,65.610001,66.580002,65.040001,65.459999,62.166615,16770200
2015-12-10,65.540001,66.5,65.080002,65.610001,62.309067,12807800
2015-12-11,64.800003,65.160004,63.509998,64.07,60.84655,17889300
2015-12-14,64.230003,64.760002,63.599998,64.269997,61.036488,17454900
2015-12-15,65.07,66.650002,65.07,66.099998,62.774414,18126600
2015-12-16,66.910004,67.739998,65.910004,67.529999,64.132462,21720000
2015-12-17,67.900002,68,66.080002,66.279999,62.945358,18122100
2015-12-18,65.970001,65.970001,64.400002,64.400002,61.159954,23819600
2015-12-21,65.019997,65.559998,64.830002,65.540001,62.242592,18869300
2015-12-22,65.919998,66,64.980003,65.68,62.375546,12114100
2015-12-23,66.120003,66.849998,66.050003,66.730003,63.372726,12524500
2015-12-24,66.620003,66.889999,66.32,66.599998,63.249271,4468200
2015-12-28,66.290001,66.449997,65.709999,66.379997,63.040333,6600800
2015-12-29,66.839996,67.300003,66.739998,67.07,63.695606,9820800
2015-12-30,67.040001,67.050003,66.449997,66.589996,63.239769,7190700
2015-12-31,66.190002,66.779999,66,66.029999,62.707943,14654300
2016-01-04,63.950001,64.059998,63.009998,63.619999,60.824501,25393200
2016-01-05,63.700001,64.129997,63.040001,63.73,60.929668,16566700
2016-01-06,62.720001,63.130001,62.34,62.810001,60.050102,22961500
2016-01-07,61.459999,62,60.080002,60.27,57.621708,27630900
2016-01-08,61.130001,61.27,58.849998,58.919998,56.331024,22373300
2016-01-11,58.830002,59.220001,58.040001,58.830002,56.244976,20878600
2016-01-12,59.450001,59.560001,58.099998,58.959999,56.369267,22971600
2016-01-13,59.459999,59.68,56.91,57.34,54.820446,28808100
2016-01-14,58.16,59.380001,57.290001,58.200001,55.642662,31296300
2016-01-15,56.450001,57.57,56.220001,57.040001,54.53363,38131700
2016-01-19,57.73,57.970001,56.509998,57.009998,54.504955,22818900
2016-01-20,55.630001,56.18,54.66,55.509998,53.070862,34646100
2016-01-21,55.740002,56.52,55.060001,55.25,52.822281,31301100
2016-01-22,56.439999,57.16,56.299999,56.950001,54.447586,22732200
2016-01-25,56.48,56.849998,55.599998,55.66,53.214275,21114400
2016-01-26,55.849998,57.150002,55.810001,57.080002,54.571877,17415800
2016-01-27,57.080002,58.27,56.560001,57.040001,54.53363,20560000
2016-01-28,57.52,57.970001,56.630001,57.279999,54.763092,15497900
2016-01-29,57.830002,59.540001,57.509998,59.5,56.88554,26992200
2016-02-01,59.16,59.650002,58.439999,58.860001,56.273663,16807900
2016-02-02,57.880001,57.98,56.75,57.029999,54.524071,22448200
2016-02-03,57.369999,57.799999,55.02,57.41,54.887371,31543200
2016-02-04,57.060001,58.52,57.060001,58.400002,55.833878,21558800
2016-02-05,58.580002,59.139999,57.419998,57.75,55.212437,22001300
2016-02-08,56.689999,56.919998,55.540001,56.540001,54.055603,28267600
2016-02-09,55.290001,56.689999,55.130001,56.200001,53.730545,26247700
2016-02-10,56.57,57.41,55.470001,55.52,53.080421,22389600
2016-02-11,53.900002,53.91,52.5,53.07,50.738071,44334700
2016-02-12,55.650002,57.57,55.169998,57.490002,54.963863,37011400
2016-02-16,58.23,58.599998,57.639999,58.349998,55.786068,23730700
2016-02-17,58.849998,59.25,58.389999,58.77,56.187618,21580100
2016-02-18,58.84,58.860001,57.25,57.810001,55.269802,17037800
2016-02-19,57.5,58.169998,57.080002,57.82,55.279354,15658200
2016-02-22,58.509998,58.880001,58.419998,58.57,55.996403,14882800
2016-02-23,57.900002,58.09,55.959999,56.119999,53.654057,31772500
2016-02-24,55.200001,56.209999,54.330002,56.139999,53.673176,25560100
2016-02-25,56.130001,57.029999,56.040001,57.009998,54.504955,14447300
2016-02-26,57.639999,58.110001,57.139999,57.540001,55.011662,20947500
2016-02-29,57.41,57.610001,56.290001,56.299999,53.826153,19554100
2016-03-01,56.759998,59.200001,56.669998,59.200001,56.598717,23958100
2016-03-02,59.200001,59.900002,58.959999,59.759998,57.134117,20943100
2016-03-03,59.580002,59.959999,59.099998,59.959999,57.325321,15751600
2016-03-04,60.099998,60.549999,59.529999,60.049999,57.411369,18459000
2016-03-07,59.540001,60.049999,59.32,59.939999,57.306206,12832400
2016-03-08,59.209999,59.5,58.68,58.779999,56.197182,14132900
2016-03-09,59.150002,59.540001,58.68,59.119999,56.522236,13238800
2016-03-10,59.59,59.669998,57.810001,58.610001,56.034649,21096500
2016-03-11,59.389999,59.509998,58.650002,59.34,56.732567,21055000
2016-03-14,59.150002,59.310001,58.599998,59.119999,56.522236,13436100
2016-03-15,58.540001,59.209999,58.43,59.200001,56.598717,10910500
2016-03-16,58.98,59.75,58.470001,58.919998,56.331024,17423900
2016-03-17,58.77,59.130001,57.990002,58.75,56.168491,19405700
2016-03-18,60.049999,60.970001,59.66,60.48,57.822479,29570200
2016-03-21,60.220001,60.82,59.959999,60.459999,57.803356,12684400
2016-03-22,59.990002,60.580002,59.619999,60.240002,57.593025,12042700
2016-03-23,60.34,60.509998,59.860001,59.939999,57.306206,11658700
2016-03-24,59.299999,59.509998,58.869999,59.48,56.866417,12921200
2016-03-28,59.529999,59.75,59.18,59.400002,56.789932,11159700
2016-03-29,59.330002,59.330002,58.529999,59.029999,56.436192,15809300
2016-03-30,59.459999,60.23,59.380001,59.709999,57.086315,13307100
2016-03-31,59.450001,59.93,59.110001,59.220001,56.617844,14904700
2016-04-01,59.02,60.060001,58.560001,59.869999,57.239281,15417500
2016-04-04,59.439999,59.57,58.959999,59.200001,57.017761,12305000
2016-04-05,58.59,58.830002,58.209999,58.360001,56.208725,12886600
2016-04-06,58.18,58.880001,57.950001,58.810001,56.642132,12154500
2016-04-07,58.259998,58.43,57.07,57.32,55.207058,19226800
2016-04-08,57.709999,58.580002,57.689999,57.740002,55.61158,13547700
2016-04-11,57.91,58.880001,57.91,58.200001,56.054619,17627800
2016-04-12,58.34,59.389999,58.200001,59.279999,57.09481,17574300
2016-04-13,60.48,62.16,60.380001,61.790001,59.512291,37516800
2016-04-14,61.689999,62.91,61.610001,62.59,60.282795,24194300
2016-04-15,62.880001,62.900002,61.450001,61.869999,59.589336,19290700
2016-04-18,61.639999,62.580002,61.529999,62.27,59.974594,13794200
2016-04-19,62.549999,63.48,62.549999,63.32,60.985889,19255600
2016-04-20,63.48,64.309998,63.150002,64.239998,61.871971,14594400
2016-04-21,64.260002,64.660004,63.34,63.599998,61.255566,15395800
2016-04-22,63.639999,64.379997,63.639999,63.970001,61.611927,12444700
2016-04-25,63.599998,63.950001,63.150002,63.599998,61.255566,10687200
2016-04-26,63.810001,64.07,63.330002,63.93,61.573402,12048000
2016-04-27,63.860001,64.639999,63.599998,64.110001,61.746769,15284100
2016-04-28,63.639999,64.419998,63.349998,63.599998,61.255566,12852500
2016-04-29,63.09,63.610001,62.700001,63.200001,60.870312,16376400
2016-05-02,63.689999,64,63.139999,63.790001,61.438564,10247300
2016-05-03,62.900002,62.91,61.799999,62.560001,60.253906,19120300
2016-05-04,61.75,62.259998,61.27,61.57,59.3004,17030200
2016-05-05,61.599998,62,61.060001,61.240002,58.982567,14033900
2016-05-06,60.700001,61.68,60.59,61.599998,59.329292,11057900
2016-05-09,61.369999,61.889999,61.049999,61.209999,58.953671,11197100
2016-05-10,61.549999,62.259998,61.349998,62.040001,59.753071,11708900
2016-05-11,61.970001,62.599998,61.810001,61.810001,59.531551,11254000
2016-05-12,62.27,62.560001,61.369999,61.77,59.493023,11071700
2016-05-13,61.700001,62.400002,61.02,61.200001,58.944042,15122300
2016-05-16,61.209999,61.990002,61,61.66,59.387077,10951300
2016-05-17,61.43,62.16,61.150002,61.66,59.387077,12180900
2016-05-18,61.700001,64.169998,61.689999,64.040001,61.679348,24052300
2016-05-19,63.529999,64.220001,62.900002,63.389999,61.053303,16076200
2016-05-20,63.860001,64.190002,63.369999,63.509998,61.16888,11862000
2016-05-23,63.450001,63.869999,63.16,63.459999,61.120728,9324900
2016-05-24,63.939999,64.769997,63.810001,64.540001,62.160919,13839400
2016-05-25,64.940002,66.199997,64.919998,65.519997,63.10479,18935200
2016-05-26,65.57,65.580002,64.910004,65.029999,62.632858,9243000
2016-05-27,65.209999,65.459999,65.050003,65.43,63.018108,10116000
2016-05-31,65.730003,65.82,64.959999,65.269997,62.86401,15139400
2016-06-01,64.760002,65.919998,64.260002,65.690002,63.26852,14031000
2016-06-02,65.519997,65.809998,65.160004,65.809998,63.384098,10582800
2016-06-03,64.25,64.860001,63.549999,64.639999,62.257233,20261700
2016-06-06,64.639999,65.760002,64.599998,65.279999,62.873634,13193500
2016-06-07,65.449997,65.739998,65.040001,65.059998,62.661747,9924100
2016-06-08,64.93,65.480003,64.919998,65.25,62.844738,9428000
2016-06-09,64.790001,64.900002,64.269997,64.75,62.363171,10817800
2016-06-10,63.93,64.07,63.580002,63.84,61.486721,16678400
2016-06-13,63.48,64.339996,63.259998,63.27,60.937733,14382800
2016-06-14,62.68,63.470001,61.68,62.080002,59.791599,19509300
2016-06-15,62.41,62.98,61.91,61.970001,59.685654,16982100
2016-06-16,61.450001,62.299999,60.900002,62.220001,59.926437,16791200
2016-06-17,62.299999,62.709999,61.93,62.279999,59.984222,15751500
2016-06-20,63.450001,63.849998,62.34,62.369999,60.070908,12213200
2016-06-21,62.73,63,62.139999,62.950001,60.629524,11611600
2016-06-22,62.950001,63.709999,62.68,62.709999,60.398369,12643500
2016-06-23,63.700001,64.150002,63.529999,64.050003,61.68898,16583600
2016-06-24,60.48,61.700001,59.34,59.599998,57.403015,44108700
2016-06-27,58.709999,58.75,57.049999,57.610001,55.486374,37300700
2016-06-28,59.189999,59.549999,58.259998,59.52,57.325962,29088700
2016-06-29,60.360001,61.209999,60,61.200001,58.944042,21483000
2016-06-30,61.630001,62.189999,61.02,62.139999,59.84938,21343600
2016-07-01,61.66,62.009998,61.16,61.259998,59.461128,14217800
2016-07-05,60.450001,60.599998,59.099998,59.549999,57.801342,23357700
2016-07-06,59.009998,60.290001,58.759998,60.189999,58.42255,20429800
2016-07-07,60.52,61.139999,60.16,60.580002,58.801098,13766700
2016-07-08,61.330002,62.169998,61.330002,61.830002,60.014389,16998800
2016-07-11,62.419998,62.950001,62.139999,62.27,60.441471,13151400
2016-07-12,63.029999,63.560001,62.889999,63.200001,61.344162,16588100
2016-07-13,63.080002,63.43,62.639999,63.16,61.305332,18526900
2016-07-14,64.739998,64.980003,64.050003,64.120003,62.237144,28985900
2016-07-15,64.75,64.800003,63.610001,64.18,62.29538,17607100
2016-07-18,64.129997,64.400002,63.900002,63.959999,62.081844,10824400
2016-07-19,63.610001,64.099998,63.459999,63.860001,61.984783,9737400
2016-07-20,64.110001,64.230003,63.709999,63.93,62.052727,10411100
2016-07-21,64,64.18,63.630001,63.689999,61.819771,9808700
2016-07-22,63.900002,64.089996,63.599998,64.040001,62.159492,8195700
2016-07-25,63.98,64.169998,63.68,63.869999,61.994484,8168300
2016-07-26,63.98,64.260002,63.709999,64.129997,62.246849,8067800
2016-07-27,64.08,64.685,64.06,64.33,64.33,11798080
2016-07-28,64,64.190002,63.720001,64.099998,62.217731,10013400
2016-07-29,63.799999,64.290001,63.75,63.970001,62.091553,13210400
2016-08-01,64.150002,64.309998,63.610001,63.799999,61.92654,11422600
2016-08-02,63.59,64.010002,63.380001,63.650002,61.780945,13550000
2016-08-03,63.689999,64.669998,63.650002,64.660004,62.761292,13122300
2016-08-04,64.489998,64.82,64.269997,64.559998,62.664219,9865900
2016-08-05,65.139999,66.370003,65.07,66.300003,64.353127,20752700
2016-08-08,66.07,66.489998,65.839996,66.099998,64.159004,11359200
2016-08-09,66.18,66.279999,65.690002,65.870003,63.93576,10097000
2016-08-10,65.919998,66.07,65.160004,65.279999,63.363079,11556100
2016-08-11,65.269997,65.690002,65.019997,65.459999,63.537796,8773500
2016-08-12,64.970001,65.349998,64.860001,65.32,63.401909,7685400
2016-08-15,65.559998,65.830002,65.459999,65.720001,63.790173,8371600
2016-08-16,65.360001,65.959999,65.239998,65.709999,63.780453,10128900
2016-08-17,65.800003,65.980003,65.540001,65.889999,63.95517,11868100
2016-08-18,65.620003,65.989998,65.529999,65.949997,64.013405,9313600
2016-08-19,65.720001,65.910004,65.220001,65.860001,63.926056,9084900
2016-08-22,65.75,65.879997,65.410004,65.800003,63.867813,9055600
2016-08-23,66.07,66.339996,65.760002,65.769997,63.838692,8949600
2016-08-24,65.989998,66.230003,65.769997,65.949997,64.013405,10167200
2016-08-25,65.910004,66.139999,65.790001,66.07,64.129883,9978700
2016-08-26,66.330002,66.879997,65.849998,66.220001,64.275482,14038600
2016-08-29,66.489998,67.099998,66.459999,66.949997,64.984047,13332500
2016-08-30,66.949997,67.599998,66.949997,67.5,65.517899,13791200
2016-08-31,67.459999,67.769997,66.860001,67.5,65.517899,14952300
2016-09-01,67.639999,67.720001,66.650002,67.209999,65.236412,12226500
2016-09-02,67.400002,67.580002,66.980003,67.489998,65.508186,13720700
2016-09-06,67.5,67.550003,66.709999,67.440002,65.459656,16649400
2016-09-07,67.160004,67.589996,66.959999,67.160004,65.187874,10070400
2016-09-08,67.220001,67.68,67,67.25,65.275238,11789100
2016-09-09,67.029999,67.43,66.639999,66.650002,64.692856,19686900
2016-09-12,66.139999,67.300003,65.760002,67.059998,65.090805,16453000
2016-09-13,66.110001,66.860001,65.82,66.529999,64.576378,18876100
2016-09-14,66.269997,67.25,66.209999,66.400002,64.450203,12648600
2016-09-15,66.290001,66.93,66.089996,66.639999,64.683151,12531300
2016-09-16,66.089996,66.260002,65.440002,65.82,63.887222,25161500
2016-09-19,66.150002,66.639999,65.849998,66.190002,64.246368,12899200
2016-09-20,66.75,66.849998,66.239998,66.459999,64.508438,10092200
2016-09-21,66.839996,67.129997,66.309998,66.839996,64.877274,14116800
2016-09-22,66.989998,67.419998,66.839996,67.389999,65.411118,12781700
2016-09-23,67.389999,67.900002,67.18,67.25,65.275238,13967400
2016-09-26,66.599998,66.800003,65.540001,65.779999,63.8484,16408100
2016-09-27,65.410004,66.410004,65.110001,66.360001,64.411369,13711400
2016-09-28,66.580002,66.769997,65.989998,66.709999,64.751099,11278000
2016-09-29,66.699997,67.209999,65.349998,65.650002,63.722225,18727200
2016-09-30,66.080002,67.059998,66.080002,66.589996,64.634613,21680100
2016-10-03,66.349998,66.919998,66.260002,66.510002,64.556969,14901700
2016-10-04,66.209999,67.18,66.099998,66.599998,65.11425,17226900
2016-10-05,66.889999,68.07,66.800003,67.690002,66.179939,16280000
2016-10-06,67.730003,67.970001,67.050003,67.870003,66.355919,17485000
2016-10-07,67.790001,68.18,67.400002,68.110001,66.590569,18497000
2016-10-10,68.339996,69.059998,68.230003,68.639999,67.108734,12924800
2016-10-11,68.5,68.82,67.93,68.309998,66.786095,15657100
2016-10-12,68.260002,68.589996,68.050003,68.129997,66.610115,11899800
2016-10-13,67.459999,67.870003,66.82,67.739998,66.228821,17890000
2016-10-14,68.800003,69.029999,67.300003,67.519997,66.013718,24163800
2016-10-17,67.419998,67.790001,66.739998,67.169998,65.671532,14963400
2016-10-18,67.849998,68.209999,67.540001,67.699997,66.189697,11659400
2016-10-19,67.809998,68.5,67.809998,68.349998,66.825211,12705800
2016-10-20,68.080002,68.68,67.940002,68.260002,66.737206,14122000
2016-10-21,67.809998,68.529999,67.699997,68.489998,66.962082,12175700
2016-10-24,68.970001,69.050003,68.5,68.870003,67.333611,10197100
2016-10-25,68.879997,68.93,68.379997,68.800003,67.265175,9945100
2016-10-26,68.370003,69.25,68.370003,69.129997,67.587807,9801300
2016-10-27,69.489998,69.769997,69.099998,69.230003,67.685585,14210700
2016-10-28,69.529999,69.550003,68.470001,69.110001,67.568253,12766500
2016-10-31,69.43,69.580002,69.230003,69.260002,67.714905,14336300
2016-11-01,69.480003,69.779999,68.330002,68.970001,67.431374,15564500
2016-11-02,68.650002,68.849998,68.010002,68.68,67.147858,12449800
2016-11-03,68.860001,69.190002,68.220001,68.379997,66.85453,10369700
2016-11-04,68.489998,68.559998,67.639999,67.760002,66.248375,13571300
2016-11-07,69.080002,69.970001,69,69.879997,68.321075,16515100
2016-11-08,69.699997,70.550003,69.239998,70.029999,68.46772,17475400
2016-11-09,71.459999,74.150002,71.32,73.25,71.615883,50948400
2016-11-10,74.220001,77.25,74.220001,76.650002,74.940041,56192300
2016-11-11,76.300003,76.720001,75.769997,76.690002,74.979156,27574300
2016-11-14,77.25,80.440002,77.25,79.510002,77.736244,45600000
2016-11-15,78.370003,79.410004,77.779999,79.360001,77.589584,28126300
2016-11-16,78.220001,78.349998,76.879997,77.400002,75.673317,25714900
2016-11-17,77.93,78.459999,77.599998,78.019997,76.27948,19306700
2016-11-18,77.959999,78.419998,77.550003,77.709999,75.976395,19770000
2016-11-21,78,78.169998,77.290001,78.050003,76.308815,11983500
2016-11-22,78.349998,78.559998,77.760002,78.529999,76.778099,14410100
2016-11-23,78.870003,79.239998,77.889999,78.860001,77.100746,13373700
2016-11-25,79.099998,79.449997,78.470001,78.830002,77.071411,6185700
2016-11-28,78.18,78.870003,78.019997,78.32,76.5728,13007200
2016-11-29,78.389999,79.160004,78.389999,78.919998,77.159401,14144100
2016-11-30,79.919998,80.529999,79.699997,80.169998,78.381516,25351900
2016-12-01,80.650002,82.279999,80.650002,81.790001,79.965385,23823600
2016-12-02,81.800003,81.830002,80.900002,81.599998,79.779617,16931500
2016-12-05,82.300003,83.290001,82.290001,83.260002,81.402588,18529800
2016-12-06,83.599998,83.809998,82.43,83.690002,81.822998,16130000
2016-12-07,83.550003,84.089996,82.849998,84.07,82.194519,18996900
2016-12-08,84.230003,85.5,83.940002,85.120003,83.2211,20844900
2016-12-09,85.019997,85.5,84.139999,85.489998,83.582832,14567200
2016-12-12,85.360001,85.790001,84.290001,84.730003,82.83979,14511300
2016-12-13,84.980003,85.669998,83.82,84.760002,82.869125,16669000
2016-12-14,83.879997,86.120003,83.760002,84.730003,82.83979,22622600
2016-12-15,85.400002,86.489998,84.900002,86,84.081459,19438900
2016-12-16,86.290001,86.290001,84.889999,84.940002,83.045113,22710300
2016-12-19,84.800003,85.440002,84.190002,85.43,83.524185,21685100
2016-12-20,85.790001,86.540001,85.550003,86.529999,84.59964,14587300
2016-12-21,86.43,86.809998,86.029999,86.75,84.814735,11400500
2016-12-22,86.440002,87.169998,86.209999,86.889999,84.951614,13924200
2016-12-23,87,87.150002,86.400002,87.050003,85.10804,10725000
2016-12-27,87.050003,87.160004,86.75,87.129997,85.186241,6946400
2016-12-28,87.160004,87.389999,86.349998,86.5,84.570305,9455600
2016-12-29,86.580002,86.669998,85.040001,85.889999,83.973915,14606100
2016-12-30,86.099998,86.419998,85.660004,86.290001,84.36499,13617800
2017-01-03,87.339996,87.760002,85.980003,87.230003,85.284027,20550700
2017-01-04,86.959999,87.18,86.400002,86.910004,85.44133,15266600
2017-01-05,86.809998,87.110001,85.260002,86.110001,84.654839,14300800
2017-01-06,86.389999,86.620003,85.940002,86.120003,84.664673,12893300
2017-01-09,85.730003,86.769997,85.519997,86.18,84.723648,12735600
2017-01-10,86.07,86.900002,85.720001,86.43,84.969429,13989000
2017-01-11,86.43,87.080002,85.910004,87.080002,85.608444,14713100
2017-01-12,86.760002,87.269997,86.019997,86.239998,84.782631,21337400
2017-01-13,87.110001,88.169998,86.099998,86.699997,85.234863,28296000
2017-01-17,84.93,85.220001,83.279999,83.550003,82.1381,29969400
2017-01-18,83.629997,84.230003,83.029999,83.940002,82.521515,21270100
2017-01-19,84.059998,84.669998,83.120003,83.300003,81.892326,16555600
2017-01-20,83.43,83.830002,83.290001,83.669998,82.256065,18436800
2017-01-23,83.300003,84,83.209999,83.709999,82.295395,12179200
2017-01-24,83.919998,85,83.559998,84.720001,83.28833,15175300
2017-01-25,85.839996,86.169998,85.169998,86.029999,84.576187,17551000
2017-01-26,85.949997,86.949997,85.949997,86.75,85.284027,15962800
2017-01-27,86.660004,86.980003,86.269997,86.93,85.460983,12535400
2017-01-30,86.190002,86.5,85.32,86.029999,84.576187,13661900
2017-01-31,85.599998,86.150002,84.089996,84.629997,83.199844,15655100
2017-02-01,85.540001,86.099998,84.68,84.949997,83.514435,15430900
2017-02-02,84.339996,84.910004,84.160004,84.589996,83.160515,11081400
2017-02-03,86.190002,87.309998,85.870003,87.18,85.706757,17885200
2017-02-06,86.790001,87.449997,86.610001,86.769997,85.30368,11828400
2017-02-07,87.139999,87.400002,86.480003,86.720001,85.254532,9392800
2017-02-08,86.18,86.309998,85.370003,85.959999,84.50737,13970900
2017-02-09,85.959999,87.330002,85.959999,87.199997,85.726418,13749100
2017-02-10,87.480003,87.480003,86.889999,87,85.529793,10992500
2017-02-13,87.440002,88.739998,87.43,88.150002,86.660362,18739100
2017-02-14,88.300003,89.699997,88.110001,89.559998,88.046532,17784700
2017-02-15,90.080002,90.870003,89.349998,90.589996,89.059128,17381800
2017-02-16,90.400002,91.040001,89.769997,90.529999,89.000145,17672700
2017-02-17,89.82,90.470001,89.690002,90.230003,88.705223,15776600
2017-02-21,90.510002,91.150002,90.459999,91.010002,89.472038,14068300
2017-02-22,90.519997,91.300003,90.419998,91.059998,89.521187,11839000
2017-02-23,91.18,91.339996,90.519997,91.129997,89.590004,11067000
2017-02-24,90.18,90.540001,89.730003,90.330002,88.803528,15062300
2017-02-27,90.32,90.730003,90.019997,90.43,88.901833,12361000
2017-02-28,89.849998,90.82,89.589996,90.620003,89.088631,15183500
2017-03-01,92.790001,93.980003,92.610001,93.599998,92.018265,24451400
2017-03-02,93.870003,93.919998,92.029999,92.139999,90.582932,16862500
2017-03-03,92.139999,93.110001,92.139999,92.800003,91.231781,12817500
2017-03-06,92.25,92.32,91.099998,91.919998,90.366653,15059200
2017-03-07,91.639999,92.089996,91.209999,91.410004,89.865273,11156800
2017-03-08,92.68,92.849998,91.099998,91.209999,89.668655,17378400
2017-03-09,91.599998,92.139999,91.150002,91.57,90.022568,13726200
2017-03-10,91.949997,92,90.529999,91.279999,89.737465,13729900
2017-03-13,91.309998,91.779999,90.93,91.360001,89.816116,10004300
2017-03-14,91.019997,91.650002,90.769997,91.510002,89.963585,10237700
2017-03-15,91.800003,92.550003,91.129997,91.730003,90.179863,16601400
2017-03-16,92.029999,92.809998,91.57,91.639999,90.091385,14492000
2017-03-17,91.830002,92.040001,90.650002,90.68,89.147614,21734700
2017-03-20,90.269997,91.169998,89.790001,90.029999,88.508591,14623600
2017-03-21,90.360001,90.639999,87.059998,87.389999,85.9132,33089200
2017-03-22,86.889999,88.07,86.010002,87.529999,86.050835,21741000
2017-03-23,87.209999,88.5,87.089996,87.389999,85.9132,16090100
2017-03-24,87.790001,88.089996,86.769997,87.290001,85.814896,16093200
2017-03-27,85.529999,87.400002,85.230003,87.239998,85.765739,16689300
2017-03-28,87.019997,89.019997,86.980003,88.599998,87.10276,16264400
2017-03-29,88.599998,88.82,88.080002,88.269997,86.778328,10207600
2017-03-30,88.199997,89.459999,88.120003,89.029999,87.52549,11631000
2017-03-31,88.709999,88.739998,87.75,87.839996,86.355591,16987600
2017-04-03,87.989998,88.169998,86.599998,87.519997,86.041008,19831800
2017-04-04,86.889999,87.669998,86.720001,87.309998,86.327744,14280800
2017-04-05,88.419998,88.540001,86.129997,86.190002,85.220352,17635500
2017-04-06,85.980003,86.910004,85.25,86.480003,85.507088,14379600
2017-04-07,85.93,86.809998,85.709999,86.18,85.210464,13097100
2017-04-10,86.080002,86.690002,85.400002,85.879997,84.913834,15081600
2017-04-11,85.540001,85.790001,84.800003,85.730003,84.765526,14690500
2017-04-12,85.93,85.949997,85.029999,85.400002,84.439232,14730600
2017-04-13,85.5,86.989998,84.400002,84.400002,83.450485,30529800
2017-04-17,84.440002,86.080002,84.370003,85.860001,84.894058,19071700
2017-04-18,85.360001,85.629997,84.739998,85.160004,84.201935,14127000
2017-04-19,85.5,85.919998,84.360001,84.459999,83.509811,17588500
2017-04-20,84.980003,85.779999,84.550003,85.550003,84.587555,15635800
2017-04-21,85.5,85.68,84.510002,84.519997,83.56913,19820600
2017-04-24,86.550003,88.050003,86.419998,87.5,86.51561,25468300
2017-04-25,88.550003,89.129997,88.260002,88.260002,87.267067,18253800
2017-04-26,88.349998,89.050003,88.139999,88.43,87.43515,12832200
2017-04-27,88.370003,88.370003,87.010002,87.610001,86.624374,13329000
2017-04-28,87.599998,87.849998,86.949997,87,86.021233,10728000
2017-05-01,87.360001,87.739998,86.559998,87.059998,86.080559,15712300
2017-05-02,86.709999,86.879997,86.019997,86.5,85.526855,14414200
2017-05-03,86.059998,87.099998,86.019997,87,86.021233,11540500
2017-05-04,87.690002,87.730003,86.57,87.099998,86.12011,11540100
2017-05-05,87.25,87.339996,86.419998,87,86.021233,9436000
2017-05-08,87.040001,87.32,86.650002,87.099998,86.12011,8162200
2017-05-09,87.260002,87.839996,86.5,86.75,85.774048,10273900
2017-05-10,86.529999,87.480003,86.470001,87.43,86.446404,8334900
2017-05-11,87.089996,87.480003,86.349998,87.160004,86.179436,10907400
2017-05-12,86.68,87.050003,86.339996,86.919998,85.942131,8738800
2017-05-15,87.099998,87.489998,86.860001,87.339996,86.357407,8835600
2017-05-16,87.360001,88.089996,87.339996,87.610001,86.624374,9795000
2017-05-17,87.610001,87.610001,83.970001,84.269997,83.321938,24679700
2017-05-18,84.07,84.800003,83.360001,83.959999,83.015434,23350100
2017-05-19,84.209999,85.339996,84.150002,84.779999,83.82621,13412900
2017-05-22,85.18,85.290001,84.209999,84.699997,83.747108,11636000
2017-05-23,84.75,86.07,84.510002,85.760002,84.795189,11753000
2017-05-24,85.879997,85.970001,85.239998,85.709999,84.74575,9833800
2017-05-25,85.989998,86.080002,85.080002,85.349998,84.389793,12238500
2017-05-26,85.110001,85.559998,85.019997,85.360001,84.399689,8113500
2017-05-30,85.129997,85.150002,83.779999,83.900002,82.956116,12603200
2017-05-31,83.730003,83.82,81.639999,82.150002,81.2258,28327900
2017-06-01,82.459999,83.080002,81.650002,83.059998,82.125557,17123500
2017-06-02,82.290001,82.989998,81.980003,82.639999,81.710281,14998500
2017-06-05,82.639999,83.510002,82.580002,82.790001,81.858604,9080200
2017-06-06,82.290001,83.220001,82.129997,82.959999,82.026688,12196800
2017-06-07,83.309998,84.110001,83.099998,83.910004,82.966003,13711100
2017-06-08,83.910004,85.730003,83.889999,84.949997,83.994293,17676000
2017-06-09,85.510002,87.050003,85.389999,86.959999,85.981689,19120200
2017-06-12,86.959999,87.739998,86.889999,86.980003,86.001457,16053400
2017-06-13,87.550003,87.849998,86.980003,87.269997,86.288193,12557200
2017-06-14,86.769997,87.309998,85.82,87.089996,86.110214,16175700
2017-06-15,86.25,87.080002,86.239998,86.57,85.596069,12509700
2017-06-16,86.849998,86.959999,86.019997,86.18,85.210464,16936600
2017-06-19,86.970001,88.230003,86.849998,88.07,87.079201,15972300
2017-06-20,87.75,87.919998,87.370003,87.519997,86.535378,11197800
2017-06-21,87.480003,87.550003,86.760002,87.120003,86.139885,10005900
2017-06-22,86.93,87.360001,86.650002,87.019997,86.041008,12180600
2017-06-23,87.660004,88,86.610001,86.860001,85.882805,18812000
2017-06-26,87.010002,87.669998,86.620003,87.239998,86.258537,10082400
2017-06-27,87.709999,88.940002,87.5,88.050003,87.059425,15415200
2017-06-28,88.599998,90.07,88.599998,89.82,88.809509,17466200
2017-06-29,92.339996,92.650002,90.309998,91.150002,90.124542,27697800
2017-06-30,91.959999,92,91.160004,91.400002,90.371735,16892700
2017-07-03,91.559998,93.480003,91.410004,92.75,92.210983,13208100
2017-07-05,93.120003,93.790001,92.610001,93.68,93.135574,17535400
2017-07-06,93.540001,94.510002,92.879997,93.379997,92.837318,16596100
2017-07-07,93.959999,94.169998,93.230003,93.849998,93.304588,12817800
2017-07-10,93.5,93.68,93.089996,93.190002,92.64843,13987200
2017-07-11,93.330002,93.330002,92.279999,92.830002,92.29052,13262300
2017-07-12,92.610001,92.830002,92.07,92.510002,91.972382,13540100
2017-07-13,92.690002,93.379997,92.339996,93.099998,92.558945,12820100
2017-07-14,90.809998,92.610001,90.580002,92.25,91.71389,22235200
2017-07-17,91.82,91.989998,91.25,91.389999,90.858887,14374200
2017-07-18,90.449997,91.580002,90.32,91.07,90.540749,14719400
2017-07-19,91.339996,91.620003,91,91.199997,90.669991,11651200
2017-07-20,91.150002,91.720001,90.900002,91.199997,90.669991,11561700
2017-07-21,91.059998,91.360001,90.519997,90.889999,90.361794,10971300
2017-07-24,90.959999,91.540001,90.910004,91.279999,90.749527,10725100
2017-07-25,92.370003,93.519997,92.269997,92.800003,92.260696,16447700
2017-07-26,93.099998,93.190002,91.68,91.93,91.395744,11815500
2017-07-27,91.830002,92.059998,91.160004,91.550003,91.01796,12332400
2017-07-28,91.449997,91.75,90.910004,91.279999,90.749527,9351900
2017-07-31,91.510002,92.360001,91.5,91.800003,91.266502,11520300
2017-08-01,92.489998,93.139999,92.279999,93.029999,92.489357,12523700
2017-08-02,92.870003,93.209999,92.510002,93.110001,92.568893,10165600
2017-08-03,92.699997,93.129997,92.239998,92.5,91.962433,11078800
2017-08-04,93.5,94.400002,93.470001,93.660004,93.1157,14324000
2017-08-07,93.889999,94.190002,93.709999,94.019997,93.473595,7978300
2017-08-08,93.949997,95.220001,93.599998,93.68,93.135574,13745400
2017-08-09,92.980003,93.68,92.830002,93.529999,92.98645,11214400
2017-08-10,92.900002,93.07,92.07,92.190002,91.654236,13252300
2017-08-11,92.129997,92.669998,91.239998,91.419998,90.88871,10679500
2017-08-14,92.370003,92.900002,92.330002,92.489998,91.952492,10901800
2017-08-15,93.309998,93.559998,92.650002,92.730003,92.191101,8812700
2017-08-16,93.040001,93.230003,91.879997,92.089996,91.554817,11085400
2017-08-17,91.760002,91.959999,90.5,90.650002,90.123184,13837500
2017-08-18,90.309998,91.540001,90.190002,90.739998,90.212662,13040700
2017-08-21,90.849998,90.940002,90.160004,90.629997,90.103302,11502100
2017-08-22,91.07,91.709999,91,91.559998,91.027893,9211800
2017-08-23,90.870003,92.339996,90.839996,91.669998,91.13726,8811300
2017-08-24,91.93,92.120003,91.410004,91.519997,90.988129,8623200
2017-08-25,91.879997,92.480003,91.800003,91.889999,91.35598,11794600
2017-08-28,92.160004,92.190002,91.129997,91.599998,91.067665,7292900
2017-08-29,90.449997,91.309998,90.309998,91.099998,90.570572,10886100
2017-08-30,91.25,91.879997,91.190002,91.309998,90.77935,9165300
2017-08-31,91.809998,91.849998,90.800003,90.889999,90.361794,13217400
2017-09-01,91.25,92.360001,90.949997,91.699997,91.167084,9815800
2017-09-05,91.019997,91.110001,89.019997,89.510002,88.989815,16897300
2017-09-06,90,90.519997,89.639999,90.110001,89.586327,11845700
2017-09-07,90.110001,90.129997,88.080002,88.529999,88.015503,14592300
2017-09-08,88.309998,89.419998,88.239998,88.419998,87.906143,14242200
2017-09-11,89.389999,90.25,88.949997,89.790001,89.268188,13219000
2017-09-12,90.169998,91.25,90.099998,90.889999,90.361794,14003800
2017-09-13,90.610001,91.5,90.32,91.150002,90.620285,12485400
2017-09-14,91.199997,91.529999,90.739998,90.970001,90.44133,10562800
2017-09-15,91.080002,91.709999,90.760002,91.620003,91.087555,18171800
2017-09-18,91.93,93.139999,91.849998,92.919998,92.37999,11318700
2017-09-19,92.709999,94.360001,92.519997,93.940002,93.394066,12626100
2017-09-20,94.099998,95.290001,93.709999,94.599998,94.050232,15311600
2017-09-21,94.459999,95.370003,94.190002,95.029999,94.47773,10851500
2017-09-22,94.699997,94.980003,94.43,94.830002,94.278893,8358300
2017-09-25,94.510002,94.879997,93.449997,94.120003,93.573021,10463400
2017-09-26,93.779999,94.029999,93.339996,93.699997,93.155457,9358100
2017-09-27,94.970001,95.720001,94.580002,95.18,94.626862,15090200
2017-09-28,95.589996,95.879997,94.910004,95.379997,94.825699,10270400
2017-09-29,95.300003,95.519997,95.019997,95.510002,94.954941,11438400
2017-10-02,95.769997,96.879997,95.459999,96.839996,96.277206,13797200
2017-10-03,96.830002,97.43,96.769997,97.349998,96.784248,9633500
2017-10-04,97.300003,97.440002,96.279999,96.360001,95.800003,12166600
2017-10-05,96,97.400002,95.550003,97.089996,97.089996,14236200
2017-10-06,97.550003,97.639999,96.470001,96.919998,96.919998,10231900
2017-10-09,96.959999,97.07,96.139999,96.410004,96.410004,7765100
2017-10-10,96.459999,97.18,96.239998,97.129997,97.129997,10631500
2017-10-11,96.830002,97.010002,96.139999,96.839996,96.839996,14283600
2017-10-12,97.300003,97.5,95.620003,95.989998,95.989998,18251600
2017-10-13,95.480003,96.709999,94.959999,95.860001,95.860001,13190600
2017-10-16,96.339996,97.949997,96.339996,97.839996,97.839996,12434000
2017-10-17,98.07,98.18,97.32,97.620003,97.620003,10335700
2017-10-18,98.150002,98.550003,97.629997,97.989998,97.989998,10158600
2017-10-19,97.190002,98.199997,97.089996,98.110001,98.110001,9133900
2017-10-20,99.279999,99.889999,98.730003,99.510002,99.510002,15326600
2017-10-23,99.510002,99.989998,99.239998,99.339996,99.339996,9238600
2017-10-24,99.879997,101.190002,99.760002,100.919998,100.919998,13000800
2017-10-25,101.25,101.449997,100.190002,101.019997,101.019997,14632700
2017-10-26,101.349998,102.419998,101.32,101.739998,101.739998,13054400
2017-10-27,101.43,102.230003,101.050003,101.769997,101.769997,10400400
2017-10-30,101.129997,101.93,100.870003,101.410004,101.410004,8839500
2017-10-31,101.370003,101.699997,100.57,100.610001,100.610001,8690200
2017-11-01,101.099998,101.699997,100.730003,100.919998,100.919998,8418200
2017-11-02,100.870003,101.769997,100.160004,101.589996,101.589996,8731800
2017-11-03,101.099998,101.529999,100.730003,101.410004,101.410004,7103500
2017-11-06,101.339996,101.690002,100.660004,100.779999,100.779999,8121500
2017-11-07,100.559998,100.75,98.25,98.75,98.75,18822600
2017-11-08,98.269997,98.370003,97.150002,97.639999,97.639999,18524700
2017-11-09,97.120003,98.220001,96.809998,97.629997,97.629997,13697800
2017-11-10,97.809998,98.339996,97.5,97.510002,97.510002,9314000
2017-11-13,96.690002,98.050003,96.620003,97.860001,97.860001,9303100
2017-11-14,97.339996,97.779999,96.849998,97.269997,97.269997,11043800
2017-11-15,96.389999,98.739998,95.949997,98.190002,98.190002,15384100
2017-11-16,98.529999,99.059998,98.309998,98.470001,98.470001,9808000
2017-11-17,97.82,98.410004,97.57,98.139999,98.139999,9017900
2017-11-20,98.449997,99.150002,97.760002,99.010002,99.010002,9483200
2017-11-21,99.5,99.550003,98.910004,98.93,98.93,13389400
2017-11-22,99.029999,99.519997,98.589996,98.639999,98.639999,7342200
2017-11-24,98.830002,98.900002,98.260002,98.32,98.32,3680000
2017-11-27,98.309998,99.129997,97.93,97.93,97.93,13076200
2017-11-28,98.209999,101.699997,97.970001,101.360001,101.360001,16773000
2017-11-29,102.410004,104.220001,101.959999,103.730003,103.730003,20949300
